left_manual,right_retrieval,right_imaginal,left_visual,left_imaginal,right_manual,left_retrieval,right_visual
7246.817893293619,6846.642801189717,-7374.846268062055,7012.257305399097,7184.84321812856,7422.392012586808,6815.9781981679735,7153.417585354078
7225.596988109903,6836.727161960252,-7371.808762536671,7036.246164981948,7167.803896470244,7407.707745901793,6808.545377936452,7195.055461022411
7202.32283388504,6849.021063951563,-7387.1218028602825,7054.370762526949,7149.599068465133,7391.7323194953815,6794.05600530898,7225.234521736154
7193.795965423064,6846.523132339274,-7397.410876962538,7069.029750592673,7168.634632212009,7388.881255929213,6822.876296233195,7245.635087676038
7202.220260081547,6850.801495331762,-7387.29724377202,7022.295087827347,7150.015654581436,7362.560359786265,6815.136740558872,7236.443493133202
7208.647537695866,6817.486784584506,-7393.611763586129,7026.549472941363,7145.784360081564,7375.505968210969,6793.474491928989,7198.719696763933
7188.83853056863,6801.311267263579,-7377.364156268735,6997.767253605709,7133.58121748586,7362.176586928723,6764.41481692653,7152.510938364075
7189.509154234846,6817.812711459816,-7377.389167739223,7019.666784914799,7155.500895850573,7354.231062613583,6797.316082254026,7150.890765149661
7171.520468241953,6815.784894073949,-7369.860798249473,7001.527432739147,7164.532511093773,7366.646423241907,6808.417748686738,7172.0834590582435
7167.347592062682,6813.202043224585,-7362.01553840613,6999.1161053863,7140.1532106426,7387.803305980499,6786.990220876736,7164.07240336775
7157.194994945325,6781.964015376345,-7342.938413537054,6993.40379542685,7109.99349262573,7354.7492171808635,6782.001587777395,7153.449418993584
7177.861526407252,6809.94980244181,-7373.149647331337,7001.796178746911,7139.1491668367025,7367.989924783367,6784.496260448213,7151.271195872742
7162.007728418767,6805.800561972858,-7356.743294859995,6997.020538502492,7134.453119625649,7353.522655446221,6748.493488382032,7163.601806633917
7158.838563715366,6797.63728913084,-7347.3268838647,7006.854443185005,7125.63174749666,7354.7641325616705,6753.641612894667,7175.900961069965
7154.758541516333,6769.928567541088,-7349.495924083213,6983.802650201082,7120.454015685117,7363.43529626523,6751.717431834093,7156.668007051578
7168.382426889699,6803.8689402906575,-7359.660665606553,6975.7383704614695,7136.02538015467,7367.381888664813,6758.824564049075,7151.525547081179
7146.258889357542,6803.7512789644825,-7372.282189451631,6981.9027938072,7130.530914029009,7348.368219609391,6776.3783575321795,7129.645898452744
7175.579337772676,6781.8362997961585,-7357.436565669054,6995.61211044249,7122.885371341379,7354.272967575611,6749.767732046396,7156.88619533952
7135.551435151138,6787.986162062532,-7353.33304380624,6992.233889554522,7127.6740575587455,7343.6647871615205,6752.351617313508,7137.124022611184
7157.630354929256,6802.552751945587,-7361.295254822372,6972.572446396035,7122.823572024699,7342.056575092282,6772.913052203273,7119.825599052302
7128.069565008414,6784.514087789503,-7344.531085251706,6974.437823962777,7119.9467044112025,7323.420754838403,6775.231677323509,7120.437385758202
7154.636689735877,6797.492437842731,-7343.236385514776,6990.115284399555,7109.010006082534,7349.134869238036,6758.125436916294,7133.48650661611
7163.950399064541,6803.789150577419,-7351.595404520355,6973.562962747862,7118.704291682858,7349.664737667152,6755.273118374174,7145.024267826374
7170.232555966326,6831.70237181637,-7348.605896389195,6976.876263743905,7121.324622473005,7347.763859335482,6747.312075905953,7142.142908041303
7187.814041307244,6797.617092861142,-7363.191032444807,7007.586471169545,7128.8308984770865,7380.12235471494,6757.8745600916545,7193.9219663056565
7154.105414241128,6797.640731574233,-7352.228589297312,6979.280706522472,7131.657710192428,7344.922197313036,6753.985963871109,7152.409430022841
7152.1485988720215,6783.821673449218,-7350.505720575219,7016.268445054377,7119.844310276635,7351.58115122541,6733.896714320477,7168.343009502539
7138.645456376538,6788.867575937306,-7339.722311215555,6969.243300381172,7115.340388753255,7333.059304825852,6740.266746651746,7117.748769206022
7142.13893226716,6777.062869794458,-7350.283249288982,6966.441394754634,7135.78213921937,7372.680074215369,6748.749521730773,7129.3105469760585
7123.804264455386,6772.845346328126,-7357.830399416289,6985.48874431981,7144.80030479677,7365.542186496561,6745.597791819374,7141.440186922811
7116.962570515639,6797.888021522022,-7348.379610203648,6967.033680573462,7121.861594357922,7342.5522074118135,6753.280642480392,7127.505283070213
7110.123169907751,6789.396172112683,-7340.472256557889,6993.146251383977,7118.082212301316,7357.818785926761,6760.341060725294,7095.365090163543
7142.352643167716,6798.119198523553,-7354.20819598087,7014.688483143093,7120.104412627828,7358.604671964929,6744.034641105345,7140.020675864656
7161.7225069823735,6793.592331924983,-7361.288836937062,7028.0839935693675,7137.198352103177,7371.463322526384,6801.221583599658,7154.808767607191
7155.860329250236,6793.21933634518,-7361.599952472797,7016.627247669743,7151.363373663711,7368.199461376904,6799.984475914462,7178.647031836762
7169.597186062967,6806.908317490285,-7364.704701814656,7044.811669035882,7125.404451895879,7369.540546263163,6801.616748271729,7199.215698006983
7141.119653560874,6780.760225535534,-7355.733761843274,7000.600300684086,7123.622071605273,7358.560618518977,6777.458117753744,7150.842445496406
7158.438078235459,6791.103626435257,-7348.118912477275,6989.252451602033,7124.425855873185,7350.5349359263055,6777.833357247646,7146.354223315922
7147.456863080529,6791.152133764856,-7353.230662061535,6997.5788972237715,7126.158264341248,7344.7624259033855,6788.453772554487,7158.078251354332
7155.920986302168,6809.055780518952,-7353.105653735469,6976.748198777743,7121.5735460161895,7351.193027956806,6776.280839390545,7134.8248233951645
7173.632507790816,6827.117178187021,-7366.041367493039,7000.140667181924,7143.3305546672655,7366.552093094299,6777.99060691839,7165.209959028777
7154.432437428123,6823.955876857118,-7353.776530649666,6980.534534459084,7133.102480423344,7345.856237964615,6790.310288205578,7150.860284593485
7166.821952882862,6828.580676834849,-7378.342156265695,7015.9950139199855,7143.011200033291,7362.116016585829,6781.365634567135,7146.993302636637
7140.507938567206,6832.522612987912,-7379.481632980555,7011.9234174809435,7140.578348688601,7349.501214392403,6795.361418840512,7182.598496745243
7128.042488695685,6833.411442624824,-7379.4666788948,7026.831550818455,7150.509780666601,7362.780707632903,6795.678612676976,7176.664659702626
7124.050380023293,6795.9665097560655,-7364.789286495607,7001.1606128708845,7131.014114491323,7344.362329020002,6786.2901968731985,7177.876473279965
7133.238916182762,6807.5798916773065,-7366.722057441078,7000.007002293055,7135.71835264073,7374.596863003606,6802.058893484686,7172.388080523647
7136.784054365899,6813.248253370397,-7351.914327928603,7003.36327605293,7138.79826248473,7363.725040874994,6775.031370571317,7129.343464909908
7167.84122823316,6827.498987062407,-7360.185700804343,7028.775862628469,7149.6635654805405,7371.560134923836,6799.514144351415,7155.11629412995
7178.0256606705325,6799.51613812431,-7374.908437427576,6999.187410805578,7145.4907011143705,7370.977930653895,6753.074655907836,7155.276186378907
7183.400242975909,6829.6783264022715,-7375.420024207185,7030.311840802214,7160.343769610201,7384.357777937395,6808.431124939886,7167.902787952453
7164.377839211641,6800.085609671297,-7381.587206613128,7016.477762212752,7150.276356480529,7347.057808963051,6789.7518313302635,7143.686560395363
7156.645318873118,6805.8778390794505,-7364.338269897067,7010.778368966199,7128.444888731414,7366.1369357464855,6799.422080924669,7144.617847508917
7135.757687355937,6808.161201709255,-7356.461807483933,6989.234359075062,7137.2737520393275,7371.884808180288,6792.179574579038,7117.186283133409
7129.776494914428,6799.302343820546,-7370.3508745894615,7009.00978445004,7132.412341759868,7394.2281070035315,6804.774895044307,7123.466910145275
7125.025902402414,6810.908099359755,-7363.333083375352,7033.048124166191,7142.885884699972,7391.421602415999,6813.170689794775,7166.811701908774
7128.528256163374,6801.878682723087,-7370.228567646805,7009.71060074593,7141.237501999015,7368.120308055751,6824.476445734294,7178.803468686478
7151.217803089302,6811.261928735114,-7384.112211159344,6994.501286171281,7157.945998325377,7368.383635759404,6790.514086659553,7174.24634022089
7145.684216854822,6822.90691948523,-7361.688819886149,6999.982474895771,7151.102310637366,7365.817092977427,6752.184813742696,7196.095054913186
7153.990047476848,6813.706407389135,-7364.297799065971,7020.809187835355,7142.202558717972,7377.77474425125,6753.140011746258,7181.347329508387
7150.562134695288,6806.209186857337,-7371.499507140736,7017.314910613859,7156.273882178936,7363.465115847498,6771.525222000518,7163.08631435021
7140.40501685107,6792.216558010855,-7352.148584651857,7036.37606897737,7152.4995107623035,7371.848596948843,6788.346350104892,7181.398613312306
7135.9532051587585,6797.84845024239,-7350.439151543294,7010.379086685057,7165.582141875599,7366.852008207969,6816.63604001002,7180.454906365073
7149.047626542073,6818.812542485965,-7369.7360592910245,7032.632370972192,7155.854436190752,7373.188738148589,6802.8328423754865,7142.928951602778
7133.486753116028,6786.427926946118,-7366.255086700522,7033.8278405201245,7152.737567227236,7356.415392017017,6780.340396316022,7163.070675430356
7142.232722521978,6791.11474796779,-7357.449179418869,6996.446916470173,7135.010908292219,7353.040034593279,6771.658303414561,7149.80401211293
7155.805747794423,6791.313403925746,-7353.647701607369,7002.204316492431,7146.653443131645,7347.647985924597,6749.138594146435,7120.613710918137
7156.46075814108,6776.9805014797885,-7351.041928147544,7022.495905413108,7125.282297925872,7360.247084873075,6747.391852721032,7141.745179781244
7156.90813224804,6772.419768176831,-7345.6405181746,6997.8620581710275,7120.196178734042,7360.765766740027,6738.754689772813,7131.733044806776
7158.262520516007,6800.676192203858,-7347.753048059201,7004.412161179401,7128.285831564446,7343.073828187322,6755.855582295522,7146.829307479205
7134.997312500308,6799.017257902138,-7354.110128612183,7007.224207699953,7137.43006596747,7343.514711354427,6763.213617462274,7122.681247545754
7146.518542591326,6802.904191300621,-7358.910497508894,7006.037262264578,7135.721451880901,7343.086250629314,6762.03771971897,7125.348606311068
7120.630637235116,6772.507428643787,-7350.925515150584,6974.010856236982,7110.9687107712025,7343.931535888981,6765.671481466057,7124.921740708827
7132.566915642974,6798.928640943655,-7350.77217766223,6985.133819438578,7119.874723367042,7358.492802795686,6760.097766322525,7125.067749114655
7139.782954358874,6790.8613935612475,-7368.391037320338,6990.879571734688,7143.096912540873,7365.324697851806,6775.283450071305,7134.351505674227
7147.500645385039,6786.122889810351,-7354.953946912161,7016.7372946302285,7132.360821601313,7350.941638095296,6773.487310932968,7134.711829780705
7148.120168515036,6802.434769949011,-7354.7385525982845,7010.547670444268,7149.504042089195,7354.291743432635,6772.960991448272,7148.659831112949
7132.7152657103525,6817.612522541531,-7358.460203132531,7006.755900545516,7150.468750119688,7355.631378664406,6797.339015314558,7131.488498843656
7152.649272294036,6826.54075406449,-7375.540270274591,7016.444321879141,7149.353050446283,7360.15121146805,6800.640787577589,7158.841532180711
7155.000563864109,6806.0813897486305,-7372.090410451018,7042.031357496603,7147.5276353528125,7369.747605726769,6811.919572908354,7160.8027690538
7145.215320085652,6806.616115243395,-7356.417382056602,7008.8211486753935,7143.793986055766,7354.50971446055,6815.559038474994,7161.90897386814
7135.1192933669145,6796.512203273405,-7350.966847382566,7007.356399081866,7143.420296547221,7344.308431899416,6792.939400420504,7135.473573407289
7141.050116779504,6807.472338066765,-7350.0841254449615,7005.3436251176545,7136.923598442202,7364.425783213969,6796.791908357714,7158.984561049549
7154.474523088325,6791.131833677921,-7362.802229657845,6992.223232040461,7137.397507733591,7358.878089364913,6763.869859550647,7176.72756898721
7161.798448651212,6802.383765943087,-7357.688771766681,7009.292881666397,7149.671311067317,7350.481048262863,6770.3356357515195,7205.093034058841
7132.931704631266,6802.077294971304,-7368.869020610653,7008.401269987419,7142.033694945555,7351.912620666629,6756.574340000541,7213.325285995801
7129.855113434156,6817.958042907046,-7371.198243292699,7004.506989163645,7136.796242648165,7349.0808690603135,6756.569552112097,7201.865950715274
7157.261046765495,6812.631655832205,-7379.778073511091,7034.679292209131,7146.955330330559,7375.944208866058,6781.439858786243,7200.137965163083
7140.511699551652,6827.941956075367,-7392.761499251901,7042.051297503141,7153.7137491587255,7363.808144510492,6789.958295900236,7203.776752640252
7126.3798993730725,6813.845591923304,-7388.390129243504,7038.148088329097,7157.571012729129,7361.811313986133,6804.376300612446,7172.0342265433
7121.401715797986,6797.831280193443,-7372.302954573498,7008.740905965911,7149.4499049717715,7366.082603289578,6780.1348007933175,7113.886365250714
7131.9257666229605,6791.19862747972,-7377.998527617784,7006.058391930093,7153.649181877775,7364.988365077317,6813.502721429021,7146.522922034746
7125.487179676569,6775.64011739567,-7373.930784744101,7006.606947747113,7169.703466635945,7356.813952537437,6820.551632414147,7140.007093235001
7132.0723550974535,6789.048162480368,-7368.75122194696,7008.123217867988,7150.206494586805,7363.471908508419,6786.07259081877,7142.444357728681
7142.060286975577,6775.461811468956,-7370.259961216341,7011.6792371809615,7155.568414204953,7374.345670691447,6771.063935910273,7173.2542269992455
7123.096896863621,6781.914046810564,-7356.178907139033,7000.1021886079025,7144.817765753495,7366.585580928228,6761.427747504587,7180.821223136729
7122.589449386182,6784.632699221451,-7379.147562575436,7035.381355611481,7158.577796027674,7397.3613499241455,6790.536910962605,7128.742662753515
7159.793745004668,6821.360387628535,-7365.608860011191,7008.310675626744,7161.007591170808,7393.333123008908,6787.651748827196,7133.699237223202
7164.080426228043,6817.125505546695,-7374.27056902697,7018.335056077981,7163.864009267567,7390.316202244065,6789.254207259388,7180.28266692707
7140.638801424932,6797.017064705578,-7374.192056411586,7004.744337031856,7148.219043043146,7355.908264762978,6763.39392764309,7158.434166808104
7146.14374068431,6798.98300872022,-7375.673501110138,7018.656698331987,7140.04942847661,7360.317291561395,6765.929168475513,7172.818117793112
7134.898595820528,6806.991354861714,-7365.476461368495,6988.73964055821,7148.103122784609,7346.648656622295,6771.740338662146,7159.368264642382
7159.952344194674,6811.986904578535,-7369.923428561209,7016.129157914298,7145.971173593947,7363.731461161023,6784.137044971973,7150.81943077959
7174.046588062727,6804.547953937881,-7370.403679701552,7015.448160534928,7141.733471632531,7337.1296358837735,6774.570838745983,7158.341650187195
7171.141234437842,6806.281788276054,-7363.100043234538,7006.47792469776,7143.574428148846,7347.451153564728,6781.915469181856,7187.426648741745
7150.540544857608,6807.17500946114,-7376.60283410846,7020.573705901038,7153.3571313044795,7330.483146549618,6778.487472149913,7158.515267695518
7170.481862787603,6809.808600183977,-7392.525397112036,6992.290148291544,7143.14576198347,7346.335327285591,6761.306785843004,7165.997755130404
7151.664248128414,6823.195285737261,-7380.040577112332,7002.764858597411,7149.519183823539,7353.952427183795,6754.297246306949,7207.7734163430405
7177.572652511898,6807.051060339952,-7373.4769659955455,6995.817494811377,7147.976646241101,7362.347834679098,6743.885193620727,7176.345094834943
7149.667275278211,6778.258301891885,-7359.097014195013,7013.96205372072,7140.447143374631,7344.663574571233,6747.911959838068,7144.183235400453
7147.777655433744,6756.163779853788,-7335.767456354273,6983.129845356514,7120.085053952318,7353.537979471528,6724.773139614335,7115.934810103893
7140.7958708585265,6772.473474804697,-7331.567735935472,7007.567011886623,7128.756495823158,7363.794922692849,6729.7785396772215,7113.780919786051
7160.483233986758,6787.52751185386,-7324.635579374569,7002.711174504031,7130.149239465398,7362.285052092452,6705.514929379094,7135.574348538128
7159.462616964755,6795.365787710803,-7348.025437950215,7016.520318359062,7152.478075350724,7368.364869158901,6731.412378677737,7154.81787430695
7142.71313249167,6795.049001675452,-7354.486975885834,6997.49453072835,7156.7036528671815,7353.680793462521,6743.246671325318,7152.468100006097
7129.963395461231,6790.055080664494,-7338.506848257105,6969.589047479654,7129.423720650928,7340.968781631941,6723.526034878434,7114.0892699879905
7129.414196790549,6798.234173035639,-7333.090520759503,6953.260334701102,7138.767710845936,7330.057181913066,6761.482389920035,7094.891267730331
7152.901183275728,6819.814706050491,-7347.047732688359,7001.550719454423,7157.372294128444,7363.268161162919,6780.762942254739,7116.07361649302
7175.868921222601,6818.570658820619,-7374.504160686422,7024.5006212128455,7160.14766905825,7371.897142611934,6803.634035122205,7174.255103407057
7183.3377879143245,6814.177717782639,-7386.728732736403,7009.851419181411,7162.893982072969,7363.440085787822,6793.0836746397845,7182.552205137822
7141.355465630212,6798.0614045880775,-7358.931151547831,7003.56628129869,7148.726770988298,7347.062812821905,6770.434559273196,7167.8694304129685
7166.4081938892705,6787.36744603697,-7346.300748598054,6990.245334787399,7130.044737011672,7361.059392770482,6747.328236603548,7159.819823087285
7136.090344407134,6790.075795412532,-7342.466380375133,6997.180574048053,7135.018145786257,7347.12196183241,6745.675781642615,7137.722916095358
7171.564450491365,6801.892818861675,-7347.311552146143,6988.898678843468,7135.394113295629,7370.870653585556,6747.128238510188,7144.483837921064
7151.8725118802395,6795.225249468,-7359.770381771416,7013.183989023234,7160.184094053805,7372.864647185839,6771.859028257441,7165.717501378672
7144.861770519848,6795.044413830787,-7367.377980261706,6988.64301349421,7152.576548481084,7356.840699358352,6750.428738251174,7169.996513611889
7156.340184346505,6789.830123541695,-7351.4477463459825,6986.016701711044,7146.758003967053,7343.810959541548,6744.930787033455,7140.375267685632
7134.464983011773,6792.763005115827,-7346.530876035781,6976.20751897034,7137.213343435715,7343.807180211396,6759.8239847598015,7107.579881114673
7124.767364371964,6791.501754825742,-7349.029046654559,6993.770188415551,7150.83413252796,7333.6748899406975,6777.891231154775,7118.737416954306
7125.149008188466,6796.720534633154,-7363.083855952435,6977.43430301723,7152.517270696814,7333.134109820912,6787.359111545049,7126.212540410129
7126.330486437406,6808.0918185513865,-7355.246242787741,6973.2627940735765,7145.757374871909,7333.49484133678,6770.302289607451,7142.602616615867
7125.486678967694,6791.599956946774,-7355.427794219618,6960.639074369158,7135.217776363632,7323.198646742737,6743.697308820401,7134.899465010819
7112.460150258204,6789.833806026728,-7318.015481577388,6969.753868894984,7115.73980711912,7340.622570061981,6725.908597237492,7108.669219812116
7107.636043843911,6784.164379457721,-7300.687990987552,6941.483696748969,7108.087516558129,7336.80369380961,6713.550576031223,7062.785355728836
7130.289736989494,6779.696107594657,-7324.3693602134435,6973.775754107355,7136.270848588613,7361.5783319650955,6711.991745253787,7122.332775968409
7130.139995108663,6817.27430908294,-7346.70476000642,7011.138170861832,7174.0327523077785,7362.430773080201,6749.111003463982,7180.500870951557
7126.148837959105,6815.297940724215,-7347.697973873858,7003.277886504775,7170.097223955993,7367.107764222952,6761.727167808743,7229.836263273389
7126.1019757361455,6806.459814760349,-7347.127703059204,7001.098994291245,7169.249300467408,7355.802200801883,6738.088489861651,7230.250144053159
7144.268143450893,6784.47984328916,-7333.831622728852,6986.1125250094765,7140.063979754698,7342.0834270202995,6702.299830527774,7192.877669589395
7125.794348327195,6772.681944054963,-7321.5481162490005,6964.8174034834665,7136.7259121577445,7349.895178006798,6698.5922946557575,7167.6211594203105
7110.985219556307,6781.002044054857,-7307.851646668955,6979.146922039247,7124.177733472652,7347.015390984504,6729.890018818106,7121.873778940732
7136.121229654236,6790.803246191258,-7350.888423004053,6978.347960851736,7141.2830084451225,7351.391674094301,6755.674550046183,7146.355411587581
7146.1240455839925,6806.1020294817445,-7374.2528933034555,7010.6956425526605,7164.849668725901,7364.161977478947,6767.964864307756,7179.59270026909
7168.410896714505,6806.14174716109,-7387.494817335762,6988.198874924806,7173.882155459248,7384.604988442223,6780.96460309727,7183.087647159146
7160.879114514719,6771.674900846904,-7375.7458402735065,7008.614757142226,7148.566578198361,7357.80532981945,6771.574544265362,7151.310751811006
7149.577350865209,6798.088163344784,-7371.886176708249,6991.892236685414,7148.763070015421,7349.949752403498,6751.302730451779,7159.792100496476
7132.272094780483,6795.463264636839,-7352.257721795854,6983.1302680946155,7135.936157888393,7329.425493232686,6765.619578395455,7154.839521147957
7151.1204874529085,6808.621857288942,-7359.563949927177,7014.334918204056,7150.976916494392,7361.334203881222,6759.175607532158,7165.374372248199
7143.251061845042,6802.04476334254,-7376.401109135034,7017.546455875896,7150.38467547022,7339.945692878613,6775.986504632151,7197.5184727573915
7152.285250222911,6820.148091198872,-7377.2443548835445,7000.87390192863,7143.7371915112735,7369.6097059797785,6773.014446118337,7181.142394866442
7134.85938825293,6781.5505676682415,-7369.821424331144,6996.337828708017,7149.994478349679,7350.469265616204,6774.802464555443,7152.75588304388
7136.463159127149,6744.343152207651,-7343.81044656498,6989.4531745295835,7141.2509050066965,7351.279497128955,6755.70121124013,7132.051705543338
7137.739168449942,6754.390860066257,-7360.730566034203,6982.846140293718,7138.45516482677,7364.524727857572,6732.790282889986,7151.751317591208
7147.437611507659,6751.9071507186745,-7344.07642554204,6996.528185116855,7133.497589706826,7355.756043331699,6714.788670551315,7118.620598176943
7133.965852145981,6753.242922768466,-7332.613066101274,6955.9869211998675,7126.992847525155,7348.901985215593,6734.382307326602,7130.5118578685615
7106.308672816669,6743.425604806491,-7298.311710824284,6958.3352023113675,7123.434288080976,7349.437967262726,6726.699600676102,7088.136950413324
7121.098897690964,6761.414336959981,-7275.63519522679,6944.453856482731,7112.92751802514,7360.366547887858,6709.369547689519,7072.339655930565
7097.466396131157,6738.941592804886,-7261.200894471304,6940.313524821815,7107.785316019143,7339.296035997196,6695.1161945035565,7065.83024182085
7125.384317059238,6751.544165584975,-7263.808227497059,6947.36622364305,7112.061519366613,7357.894437820338,6702.219877839249,7069.046340998371
7139.081882444316,6761.542262459397,-7300.970407660767,6970.055526000725,7128.87841647637,7359.981877641338,6697.2350834094,7096.598772353197
7143.495532675382,6769.97795736704,-7303.250176688751,6993.141845456466,7135.356958020323,7345.167075845701,6721.8128376278,7121.450758186304
7132.427630315527,6786.329443430033,-7306.346398955205,6992.865834866913,7140.2711542562865,7359.926233099868,6723.824888805909,7142.297572282224
7124.839992650653,6789.116546635867,-7326.202841537617,6990.866537201836,7147.416461748568,7336.611833581089,6721.195140783928,7124.0862651205525
7111.963008495433,6779.289963737867,-7332.143198957218,7005.458061250961,7139.380328209372,7334.260492641297,6744.914678979996,7107.299620654301
7136.094187021702,6767.768019975323,-7334.54684687968,6979.613321922058,7142.693476360508,7341.589744648235,6719.288143453094,7101.486036884955
7137.158439754285,6758.916068707073,-7328.117016199571,6984.503837709348,7146.576383533274,7345.990647676035,6736.25262738665,7141.68989052295
7151.383730095418,6756.975813813638,-7318.897047350178,6995.707663310933,7145.1135717692305,7341.6609836097,6714.87708012078,7127.415974749177
7129.442119698022,6745.320318312602,-7320.704730174938,6991.494031442553,7138.872116335865,7344.908211737048,6731.229404359758,7136.707677579628
7135.940478329659,6772.591043753497,-7302.324855890464,6997.639681768746,7137.561416396528,7331.169825051122,6744.030978380414,7101.950952468883
7142.124053249131,6781.186964264979,-7329.029362570798,6972.300073625441,7135.0111298643915,7339.401391336643,6748.101603330895,7128.159460621962
7137.303437424784,6784.0449312429455,-7325.6750464395545,6995.601272602971,7151.400021908013,7334.737162089739,6767.620796572946,7130.713148721035
7146.275397364597,6799.022268952834,-7326.703280675799,6981.8830773597765,7153.745660316718,7357.515625090906,6752.5214030634315,7141.579932659739
7135.702296947057,6757.360465882886,-7322.604379373281,6978.114908408484,7136.134854937069,7361.412223183399,6721.83667687333,7112.853616493466
7142.815965805131,6792.890322102133,-7335.718751296678,7011.87958566285,7137.41635545882,7375.534520454645,6734.153779399082,7105.789105926695
7124.938388037603,6779.967786645691,-7331.602851665656,7013.627253346249,7135.594152884602,7369.730379187855,6726.738562552329,7142.601455880244
7130.221653817133,6761.228646115363,-7323.984668324453,7006.960614403283,7129.834238522566,7359.286579716588,6725.3990837930505,7136.716292290755
7109.443466467974,6792.055437923032,-7316.875504629117,7011.447669585834,7140.422435751105,7365.854961797912,6766.613177352397,7118.316401880052
7121.652135911196,6778.868900510617,-7299.821385760763,6996.587613504756,7132.840013488839,7364.00098910578,6734.1362414129235,7111.302616967965
7126.961270059309,6788.908697960156,-7282.807362819057,6978.034187718572,7118.6220763460815,7350.11852134449,6742.479975872279,7080.826131283871
7118.740781989825,6759.420205034979,-7303.439770856669,6982.216535728471,7119.80015683578,7360.120315265302,6702.728288867148,7086.556037464781
7126.641437327157,6779.075290595458,-7310.402221196344,6968.171517508143,7130.922183357142,7360.337209324016,6697.803203119725,7097.303483769484
7143.137650834221,6788.402647142527,-7337.152559721337,7011.842873645554,7142.338234110363,7340.769832971069,6707.350503810044,7133.23769556746
7162.4931465951195,6798.557486011315,-7346.137829912426,6979.674428620578,7138.777710829914,7344.403508940209,6721.313174856291,7154.731251792833
7152.701297912203,6783.324858803684,-7346.400177607315,6989.585727669188,7149.630447530525,7318.373170237434,6732.957477534238,7130.036299449246
7132.7300028068485,6766.415687105088,-7343.131321727742,6987.261062110928,7149.030218795815,7321.846961626532,6739.936971063377,7133.67201842904
7102.388432234677,6774.973234967524,-7345.910935154631,7001.473483256673,7156.892512695475,7330.295142225403,6762.812036365264,7119.286257284385
7134.27261602676,6781.1109437807945,-7341.016022957596,7012.161248065516,7153.207811162364,7331.666449556962,6756.8054619826235,7146.477564426452
7126.554640793525,6795.481784052958,-7365.081824558637,7026.456280720271,7157.870283172876,7333.511325561128,6760.891249178901,7153.80073418755
7131.159199002535,6803.967101529009,-7356.015511037271,7027.824984073087,7152.8580792481835,7328.2494602945335,6782.547029050459,7148.730990371115
7118.157307319555,6782.171336119969,-7377.286141159799,7019.797571626248,7152.254268608869,7329.310645320083,6776.521501903443,7146.199713912034
7124.861677677597,6760.092012599141,-7353.247854166617,7000.279246165465,7135.17851562923,7345.10072965846,6739.953981397643,7118.304578159816
7149.157139253016,6788.74016809437,-7362.311535956483,7002.555994556736,7152.967080615046,7348.783488676865,6756.851189707593,7147.683282012004
7156.336343055872,6762.30798648312,-7353.764738921713,6996.82620249497,7150.328736298735,7333.61838584631,6765.9317847574675,7114.202625988048
7161.45417032826,6789.160889996126,-7351.936958306532,7000.02572142175,7139.410832779195,7358.761055287621,6770.994373786314,7165.0472589694455
7155.2013379425625,6777.798834960033,-7338.527151694242,6983.107683720326,7119.6521405218855,7351.52725354097,6745.557013220069,7105.079019904178
7150.842132293332,6781.399039559392,-7324.312036935376,6988.647733165187,7134.775983320676,7340.554666756566,6752.155528168372,7100.826766684635
7141.0792041006025,6761.9953643262215,-7345.52335803258,7008.765999558921,7138.480416130633,7348.0598419139305,6745.793909792352,7104.150481472082
7157.297802878367,6774.721317501189,-7342.640113841818,6976.55999576476,7144.0754667238425,7364.872019089549,6728.008472723093,7120.142814260439
7154.881654781582,6779.198653882113,-7359.998026627222,6988.183735340481,7149.425357974356,7355.690116261933,6725.29973528812,7136.457309977301
7148.455170576307,6779.779750421057,-7338.140760306958,6969.385190573696,7145.863265329401,7346.195095793753,6749.283623553451,7141.108517727698
7146.084755375054,6783.623838705911,-7344.201270945483,7003.469436405539,7144.013546152779,7341.618136220606,6719.9883767701685,7121.006207077643
7122.122611695367,6777.8889055506725,-7325.415643076493,6978.09918477708,7129.4988664456605,7328.67153186061,6735.490295312356,7097.335590677938
7130.575779344019,6791.042782727308,-7332.204601530123,6983.278050008981,7148.40042975657,7310.974774885485,6769.290326996186,7129.890513748575
7129.80735946094,6786.048080952211,-7367.698702857972,6992.370054180329,7147.7031377969615,7332.818724377229,6761.273971684324,7155.9469496225
7126.973563090089,6822.121981495902,-7383.401709199993,7024.946923104093,7160.581630614224,7350.556584432451,6764.831186005088,7153.542284244527
7140.873145243783,6804.908781762817,-7364.826963094299,7002.266003665894,7161.607843612703,7336.572339384622,6746.277720624124,7151.242262801983
7133.267309052199,6768.179413814283,-7351.753031082747,6985.68978005892,7152.608887703997,7335.536340829464,6716.41386664549,7149.690795238053
7134.758722975577,6756.0579318154105,-7327.6030862922,6951.933290431032,7137.891306620703,7327.205789758697,6717.0274569031835,7124.224519257329
7134.815471696099,6785.985906786886,-7339.3447046686815,6999.453529224188,7138.922579150084,7315.48916626249,6736.2562689152865,7109.965665194127
7150.995304172624,6777.895487007805,-7336.7005674288575,7013.027353753639,7136.366936811833,7335.614296496873,6731.503706867006,7120.070797627305
7158.657077465916,6790.3057407999195,-7364.776161486659,7007.533095379669,7149.267198379598,7325.325361716287,6723.751303970669,7180.067945026746
7146.510096760924,6758.439427878712,-7353.00502986478,6996.713502535101,7140.585157602479,7326.506398799677,6719.576814072777,7164.8758424374655
7139.980918436177,6785.819146741317,-7348.523596742346,7020.734599293446,7144.993240199362,7340.409850505319,6754.869797265751,7147.906350147256
7109.6137227771205,6746.973064058413,-7338.319699159538,6990.238062719971,7124.630241031038,7325.610695499804,6717.197704175213,7106.57732443068
7098.664048989864,6759.8012598778,-7356.421121103302,6993.533805567703,7136.473082811688,7333.420265820348,6734.446564566521,7117.412847403296
7078.138692368366,6768.359317957576,-7333.411428119261,7022.315233298113,7132.363194739545,7321.182500092693,6755.503883164599,7118.515959711092
7095.589432384603,6788.30749764962,-7333.283674107075,7006.547944788821,7129.379727211897,7334.836289528717,6757.995919981817,7102.799377073025
7134.349859258416,6779.973325293696,-7344.850050298457,7005.000914930554,7153.567447724872,7345.757840647336,6774.232840051223,7132.5971970972305
7151.847742159278,6774.900237064418,-7362.648358375464,6998.4718015822755,7148.188094802744,7354.03229760955,6752.706804068795,7157.975952532451
7135.763473877634,6781.983773353873,-7348.79590327399,7035.402006597475,7156.961943360801,7357.407657660629,6763.606116368006,7156.731803812501
7116.436750708421,6797.76314427794,-7341.375724835493,6984.685343906689,7155.639346255803,7344.9558202143,6749.410789374702,7140.580042312329
7111.550371143628,6752.347694734115,-7329.498588154645,7018.154276965532,7144.395528074203,7322.962284140679,6743.174982418046,7144.112368115753
7114.357543610017,6788.000623877156,-7326.28830451027,6999.485070784257,7154.222021500076,7330.479238549787,6759.955987869096,7141.413617260741
7138.509551290137,6792.5995288138265,-7344.358476724496,7007.7866763793645,7158.249157436256,7349.654591211725,6754.2514696517765,7114.1761730965
7141.774391462628,6803.261639962995,-7342.859416091523,6994.117342713675,7147.94072476131,7334.837448898943,6748.139223638022,7144.578060041556
7144.280634621941,6775.292459588347,-7333.830802800094,6992.231961628726,7136.28186902192,7332.435892792086,6750.593904972326,7104.349498399318
7131.636691650056,6778.14748460511,-7321.578491195357,6971.837688068548,7132.238426007084,7340.290631903065,6742.672866650632,7090.87071761
7128.54458581009,6770.986271099763,-7339.064464277533,7002.556375564699,7128.94618084144,7336.970669814946,6750.317633667942,7133.14661550078
7124.443839067271,6756.738700592711,-7340.839475406963,6973.199439535057,7127.23988034662,7331.582844004361,6721.144175902005,7120.097819629718
7155.203059459281,6759.481017217117,-7355.720726297344,6993.64849686035,7130.595733550282,7348.156396298973,6710.906700212337,7128.819038423191
7120.140823992771,6781.905653841897,-7355.848548476432,6985.128111870314,7138.567412657512,7335.931867652874,6749.255069742985,7118.028174782608
7132.566378860226,6779.97054896013,-7348.896385758556,7001.276879490734,7137.6719076422605,7335.937494588235,6752.178929414862,7151.480053454541
7124.276615228605,6781.6611079892455,-7345.861234068242,6990.21839096963,7131.484042119314,7320.329586419016,6743.168392932788,7136.892176061545
7114.687125022646,6773.416414769898,-7326.426418171768,6998.318824692146,7124.91968291239,7330.80133630863,6741.72342544608,7150.222844713836
7115.599444925041,6780.302986269075,-7322.1819692841,6988.002844906934,7132.483143600153,7331.909214632893,6723.617868541675,7134.189691168806
7127.209718781597,6780.819990327623,-7337.509845382014,6993.095645581983,7124.61301992004,7336.096776776498,6748.549230825503,7128.241727563201
7121.045256447698,6786.526128252487,-7347.120312224156,6986.294188958676,7135.359005208182,7341.556223620946,6751.199400694931,7112.966624217907
7151.602217150351,6774.929813788709,-7344.690539602269,7014.9897311045925,7143.76895606494,7366.194325763263,6743.115374201127,7118.154480255028
7148.632250432884,6776.795044392979,-7365.930371839875,7040.672655980273,7157.512843466761,7348.425818990445,6745.227137190846,7165.132447348706
7145.690718869532,6811.9047540122065,-7367.022191869727,7020.81088567371,7171.791886552462,7344.963335933016,6775.352207945999,7168.633630196229
7147.229090298551,6812.567480066617,-7363.939448614535,7039.838228669721,7149.289018096068,7351.626500264694,6760.966447750279,7191.23732461505
7157.466168037623,6814.159077155603,-7350.976571703185,7005.962230068949,7143.801065647759,7343.990862592323,6753.232974835732,7153.845389699748
7147.474658077442,6801.354321922186,-7336.90806739785,7000.64600956004,7140.553671387965,7348.065253770104,6754.353300154164,7166.916078734623
7154.186269564053,6785.405931335713,-7328.967048834119,7042.687252141437,7154.341638372045,7343.507641886364,6760.930073026234,7152.061472686616
7156.874144509285,6789.121060704068,-7356.8163117195145,7053.234453508021,7159.758483342063,7369.68873233038,6759.934278931378,7176.059808146467
7140.789966451547,6754.893074441925,-7345.182470388806,7031.307193847395,7159.836978134926,7341.19449027875,6747.559049503225,7153.731550761155
7141.675104317986,6778.606531757209,-7335.512713512249,6994.137639751544,7159.908324263193,7326.770955734664,6728.0873232796885,7144.027976526245
7131.0431297262985,6748.4456656196435,-7314.567424013505,6984.477324377937,7121.946056195293,7329.552347532331,6733.284693416388,7095.537423492223
7122.776612495596,6773.423760375724,-7321.2824996379595,6991.9723736982205,7137.4058288212445,7339.610035328185,6727.0286043068745,7124.752564880533
7147.545161446288,6767.373358217304,-7345.030657435603,7009.541676973997,7157.831441646516,7350.904776480424,6740.819767293976,7154.248501106539
7123.782330894934,6794.121082313129,-7347.5193274322655,7014.480476910498,7164.050219284916,7351.907062348401,6761.54452132457,7161.777912819709
7120.004206715378,6775.632520027637,-7348.210051728994,7007.9398755904795,7153.367694521447,7348.698462523666,6732.985174090855,7134.488288219132
7122.002099456973,6740.403068308311,-7341.378765597813,7003.750092988327,7152.929596298852,7346.038744583243,6737.017945535881,7136.720143473218
7110.608377709372,6738.445504207,-7318.507216292024,7000.7563425867365,7125.371371938036,7339.921307849295,6710.009207434709,7118.0065757378115
7108.988228714606,6731.385229882882,-7316.587137725714,6991.817479068656,7118.162070873754,7350.993945616503,6698.801187724071,7112.8557482743245
7113.041689577991,6770.7996921983595,-7320.499362470569,6984.955189128761,7132.184807854776,7352.72502213088,6725.990461153379,7103.887631237686
7134.181152383834,6798.392208539835,-7338.570206361308,6994.387880901464,7143.625508222888,7363.3231421677865,6737.901524330162,7109.300405073511
7154.809829157667,6790.671477650634,-7337.722862259695,7023.227164965678,7158.729320941019,7365.872664125854,6753.453647418648,7146.55882395089
7137.824486496094,6774.907635990284,-7345.570494406576,7001.122603469236,7154.433467928451,7334.362407976872,6742.320740401568,7152.875922843337
7123.618533116275,6799.330834325341,-7341.256577900182,7023.571695033776,7149.925607638664,7332.041481389918,6747.038093740835,7139.224537059712
7135.454675531741,6791.995432297273,-7346.977355225306,7008.563257396718,7155.710120095158,7324.114543168787,6729.462348737208,7139.1841132769105
7140.22103245008,6802.79373393933,-7346.561094245258,7022.398769841016,7145.291644158685,7330.141223133959,6737.582582685953,7166.831721720405
7133.542515156059,6804.301062351062,-7363.403684915604,7037.024212994084,7154.928725040386,7336.770181109866,6737.408785050967,7167.472277270179
7145.608175749353,6789.15691517102,-7359.114358653035,7044.0119413068005,7154.55874625924,7339.793310328473,6725.543895900532,7173.375477781941
7104.811425373936,6764.2242745328085,-7328.6303783310805,7027.378299641242,7130.600450073107,7332.339266788177,6735.692628046777,7139.224993778156
7126.316871732487,6808.521072000643,-7331.057608404144,7006.567604720307,7133.98529825758,7322.709032323315,6734.538600953831,7125.270280250713
7108.025752933272,6794.858174066223,-7343.57014785317,7029.3410446572925,7145.564978663878,7319.864724585718,6769.095510176108,7139.552172968164
7115.691059075471,6771.259618344613,-7332.071047633996,7019.443386557211,7146.3210469473825,7342.321707527777,6772.206126416016,7129.040694934921
7135.044373335562,6763.681432576395,-7342.3570720989865,7024.783190614659,7153.141282431588,7339.398004259675,6783.703527656917,7111.34112136588
7135.023746038957,6763.940393716915,-7330.524488342196,7010.34665467575,7152.116691939823,7335.941297109174,6781.464876631946,7091.7615201892295
7102.955469123332,6764.236419574179,-7320.81689031647,6984.4737842002005,7121.6307488812845,7304.01901849368,6759.570695648076,7107.667737965503
7094.082303126304,6773.165508115547,-7316.919354176022,6981.8008077033355,7123.694763211936,7316.954647162495,6756.713231316622,7094.310064527755
7091.258618526222,6776.907353975549,-7321.929807502514,6976.430840427415,7118.18755648179,7355.412246645562,6733.198417543433,7097.543232443864
7119.6217865286135,6787.946627650791,-7334.721255485999,6984.059301629063,7134.791373369012,7351.323301358367,6741.187169509763,7102.0987024944225
7148.162596426298,6776.71767668486,-7332.372908627618,7005.543559565495,7142.1956511994795,7348.447516374358,6756.1194327093635,7129.434238907898
7166.693994657537,6783.6123439232815,-7326.911754253818,7015.5020865501365,7141.870058523532,7360.217561799983,6753.877349219463,7121.909300584187
7145.456658635097,6783.6609480173165,-7317.178289037236,6999.080010862166,7134.06805625348,7338.372620652892,6734.57953620518,7146.9867824390685
7139.15424937366,6759.379915479316,-7301.40113805827,7009.21607639964,7141.019229493038,7330.8749072730225,6726.436270638418,7156.7608194686645
7133.2681614889525,6757.803491536573,-7312.69611342105,7024.453700075319,7133.250068607002,7338.366628423486,6739.187202291793,7155.730534043153
7122.543376706678,6751.765609558037,-7322.6785807387605,7037.702524782576,7149.332189277875,7351.184037596068,6751.435090456146,7138.628397316781
7123.3032453178475,6777.948188821424,-7325.382968728505,7033.623515155437,7145.7713432527635,7353.975261116438,6771.953499134983,7130.864618327724
7117.105862300555,6738.589219776874,-7328.121270596266,7031.4032643596875,7144.05698787884,7339.255195013357,6788.533385237471,7107.95029565026
7138.808548198904,6756.251984555558,-7333.594790774914,7023.191162012713,7151.761560853514,7349.784823440912,6743.704023095582,7093.884953037561
7152.990103358859,6786.841451370376,-7340.160678552171,7008.484112026604,7147.770165036081,7348.016428974475,6778.3161315385905,7137.592692597858
7141.470708901059,6789.470679343958,-7327.652258215221,7009.734465606832,7155.591775525209,7328.596812824688,6773.014421889572,7120.182343219934
7133.768692009205,6793.088536953558,-7340.668377541939,6971.332842328873,7143.912230350194,7326.952231304624,6779.960711852687,7120.887581581317
7122.211249339392,6778.616343708759,-7332.203158969316,6995.360231728442,7145.58132222837,7317.166348336395,6762.450609649373,7107.83137168898
7146.818435155185,6792.030506082926,-7350.603272214859,7005.9538394084175,7145.503162739168,7319.961169681597,6768.385636528058,7131.124276259816
7148.540018016458,6781.548366765012,-7367.110038470969,7000.418240941347,7135.613016158293,7327.669285230683,6764.4694400329145,7115.655685616307
7151.594701820316,6799.262349011098,-7366.0481456419875,6998.2018556196745,7142.959702742524,7331.5289121974,6789.799814097412,7141.322446101799
7112.41570507013,6747.59993300602,-7337.855035846148,6983.629977516452,7135.121240941112,7308.664784203887,6763.212193226884,7119.152409603841
7103.13468630944,6773.077377235097,-7326.11244971756,6975.896917272379,7119.646093102574,7310.274347332148,6737.766045652931,7090.635599499807
7118.873909305912,6775.786170891831,-7338.499489322355,6972.79494656025,7121.436319509815,7320.12529380253,6729.69537254501,7121.433971293025
7142.085573948974,6778.552649130694,-7348.611522393145,7008.286640369083,7139.064900974629,7341.353873298387,6729.651887732693,7131.584842844016
7150.934922762667,6776.235206131775,-7349.321747908224,7027.769795275806,7150.646529928597,7352.999319296685,6741.413093397304,7122.35730939212
7155.934677950867,6783.209360482791,-7332.732000016027,7004.8174291421465,7142.9713024592165,7334.901714865504,6734.943456354337,7121.829434084701
7143.654020405061,6757.229092120327,-7330.274067103026,6992.140388430857,7131.303378314871,7334.172527909616,6729.518158944747,7107.00498833301
7138.68602924111,6758.714418989564,-7295.052048768495,6955.310497471885,7110.210502758746,7334.672561023331,6695.985807583933,7075.56219601738
7110.686043407541,6755.012447709019,-7297.79023859872,6987.426478530195,7121.48431646942,7308.598659441471,6713.320569614617,7088.500686125703
7133.641913433404,6761.207719608936,-7327.749853218469,6980.918045000892,7133.388655177555,7319.641979352435,6726.345254209951,7091.931651351661
7120.336295993438,6767.5228161367495,-7319.4134550995395,7011.029625091411,7128.452147314655,7319.917402869697,6723.841431386558,7091.47339994359
7134.082403455716,6759.196874616627,-7334.0600055609075,6986.715274922086,7127.145803407728,7319.393204306041,6737.427436689276,7074.996768516972
7128.925214315534,6770.191796721915,-7342.869202717409,6986.6208884119405,7127.129879537584,7317.160046042416,6742.172977974922,7115.509695528941
7140.2595243423175,6777.970587728057,-7356.511205926475,7009.901409132924,7138.738314836759,7321.732745231861,6749.706488915709,7111.121151815725
7148.114072570018,6774.426477739984,-7346.894324315089,7005.285047153305,7142.834799169547,7325.164519924019,6733.157659650239,7157.693472449762
7126.688542639744,6786.832017181038,-7340.280636005731,6999.845367406242,7144.442394957772,7324.201703743334,6748.952034975692,7098.819015349147
7114.902429403863,6798.344213147147,-7358.221337924016,6985.366777005436,7147.9180678015655,7330.884066080631,6755.221221563848,7125.288264127255
7119.991558441844,6807.182505485932,-7349.131564773321,7005.56175719751,7155.819882445181,7342.021285581724,6744.442197036331,7129.6423746784985
7142.305944436775,6803.662412055419,-7358.313056042234,7005.822541070132,7148.284712169254,7369.256094287403,6731.647882795973,7158.899923017088
7152.536648234205,6784.239049543692,-7362.977781822347,7030.355371556879,7157.993172239309,7361.387451132329,6746.402418665944,7151.315210605006
7148.236732329775,6758.677499439307,-7375.1243226989645,7006.072258843097,7146.060768863453,7355.183605753941,6742.704710767036,7152.048167034136
7141.624932164033,6765.5864983992005,-7355.150210322621,7034.076662542823,7145.219918481449,7342.074772029137,6751.234468148667,7141.371915821342
7141.320764809544,6786.632766256307,-7351.604829161665,6981.985604394041,7132.185066734656,7329.975799373152,6769.376131934104,7131.355983155762
7114.379002793042,6779.304110903142,-7360.620024520419,7003.636052228809,7144.1159354470365,7311.9886218857455,6759.405289925069,7126.972894640711
7125.207544250369,6766.460416724999,-7336.812633686899,7007.620178865982,7125.6807183519795,7342.629664354842,6747.2239028078275,7122.596065780115
7113.94203504278,6754.339256199511,-7333.399063596418,6997.572739727645,7129.799593518987,7331.816424541445,6734.740925098341,7112.149678610047
7122.809762043877,6760.603571344199,-7291.344854274762,6976.374242671938,7113.144153784779,7339.359874344651,6733.143682765265,7089.665508114659
7131.1296235678965,6775.910171640225,-7315.801855215705,6997.864834829802,7138.788537862945,7342.480109330836,6726.832024149352,7104.364290760851
7137.272900772496,6757.742050913535,-7319.911187215635,7000.4697506233115,7131.4390013476295,7351.174293719926,6712.807346852074,7103.5285315386345
7123.629004232749,6740.853326802113,-7310.440754408387,7003.582789827026,7135.369613999081,7344.88938121734,6707.807399960311,7107.672695711966
7136.420912508727,6736.250565352077,-7305.520986047308,6973.0091613885725,7132.196493229853,7338.834838077994,6702.175196761747,7065.595164699606
7144.613810933244,6771.16638369429,-7332.444335310884,7000.2960462381,7149.882575176599,7337.630742012042,6718.759176246424,7110.363597547612
7155.0050566328255,6772.278740145354,-7329.122340381181,7008.01528075996,7151.27896379698,7359.888646631605,6741.363306163356,7126.432442739911
7136.450128088951,6758.734468516276,-7316.110166179995,7004.383392198585,7136.180744766194,7378.9953249267655,6738.372572283372,7145.8468793819975
7151.303553664926,6739.77691590005,-7307.656511636675,6966.094554361263,7123.147467411618,7362.846314882713,6721.564380084338,7092.394087918197
7131.412976347415,6758.509765573125,-7297.4624813363225,6990.877547441584,7119.289601154883,7367.152829950409,6742.07133464097,7095.143872949119
7131.347185210038,6759.990672432113,-7280.444786237788,6986.443511377131,7124.598869945351,7344.500330451733,6738.16527841453,7085.1714408363005
7141.183130818187,6775.749572906663,-7305.418642402944,6980.1009999672015,7128.435356439162,7344.032116761126,6736.5555090590715,7094.259022121493
7132.476991450395,6756.6140726729745,-7309.624711707844,6982.26013616453,7113.666940305653,7355.763267924143,6730.966396646765,7085.543528138746
7150.346363691415,6780.092544939075,-7327.521371592283,7011.146524791377,7131.586845462623,7361.017634970961,6735.782948086964,7113.575751627651
7141.095038880261,6752.0029100053125,-7342.748896851574,6987.018818495807,7147.716302600562,7326.708830515902,6761.495455098417,7109.865404832142
7136.83600625102,6775.772152061572,-7355.0686025153,6993.912548634581,7144.319737635798,7312.852415081051,6762.27167491157,7122.8608221351005
7112.511263007272,6769.003018251953,-7354.254453204597,6995.608240395843,7133.829746970019,7314.012164462065,6760.347107759439,7117.453654704276
7126.405857611208,6783.554622048352,-7356.06874281672,6975.854582670128,7148.455905230056,7322.113601405158,6757.854097410813,7135.004028568699
7137.159737662252,6790.867307333789,-7348.066145052826,7002.459418043535,7138.782962191435,7329.589637464778,6766.881707691886,7127.1817357853815
7136.633059441034,6778.422922163659,-7340.988247996576,7007.357592040922,7141.615165724872,7326.904600022426,6748.457946647875,7139.596817299537
7138.200829928904,6788.1128391010925,-7349.403751096741,7008.029491467443,7149.882187333468,7315.780953455799,6753.288928610583,7122.13600857993
7129.631600086246,6794.678396582631,-7348.749521922955,6994.029843401884,7130.954951228741,7334.500892639785,6752.1127986617585,7116.165596232397
7126.4805507335595,6775.842521150982,-7354.4224154611975,7010.620911163829,7142.199367793465,7340.512260455279,6745.162855094314,7121.874259908709
7142.890313738564,6765.350508899165,-7365.757038088287,7012.8777211053575,7159.933304013609,7364.792255864037,6744.142874005684,7124.518908233681
7156.3898346579645,6802.599470850668,-7365.016943152133,7030.894679813559,7161.0654048365595,7381.448882025552,6744.5856392614505,7159.183781078559
7150.341032368428,6761.430403183142,-7322.548988921517,7004.947925135974,7145.568557469843,7356.670528950845,6755.442554576655,7128.541553723595
7139.643805395796,6773.126568777034,-7322.69167612046,6991.568950173061,7133.448678649727,7361.075244606437,6747.182620905101,7095.039798614352
7139.470227750934,6752.4544692540285,-7301.939236567886,7005.429601700365,7119.352271399791,7340.403568579466,6723.882756620128,7080.3445033774005
7143.435678959821,6759.073546782587,-7329.005134669745,6999.389767344593,7137.6368499813725,7339.7256936494005,6727.60725868851,7087.152267577189
7134.22748639675,6755.964576468376,-7339.108936680088,7016.713157161147,7140.677744260289,7343.8648556901235,6742.050936755177,7094.794265078675
7142.822209025819,6745.99735979053,-7340.4608162446875,7013.595684161895,7142.420025369202,7342.339280661492,6736.288118564403,7106.50264762623
7114.306655048504,6761.632712324477,-7321.158796111453,7024.445446409328,7142.592649770032,7310.089783257964,6723.327752274951,7101.388025060921
7124.312554427429,6790.00208519918,-7336.743341771954,6975.752807943351,7147.194431723126,7312.367883856759,6761.3476611684755,7089.478374208573
7137.748420859055,6777.619517975129,-7336.316634958413,7004.020025501632,7137.21451215271,7326.272937532592,6775.4898333638785,7104.516601651498
7140.393733521332,6774.011566182237,-7345.944231850645,6992.648480101975,7155.670611207694,7334.455632849852,6774.728675953543,7139.555289211065
7126.4411091855345,6756.486517950715,-7347.243114574723,7013.98958067185,7148.849291864164,7332.194619101144,6760.347144580337,7104.209840029756
7141.20994195225,6768.523959916647,-7330.502181274849,6983.421431438554,7139.485185509974,7331.499453061569,6759.531386825533,7075.8913968527695
7148.088713456418,6736.765264185005,-7338.3430105019825,6999.13708292032,7144.296554218345,7333.084939560532,6725.663923945375,7066.700950612522
7158.645444425393,6741.572423178349,-7326.7123089066945,6995.894295795294,7140.074843350899,7327.55360054204,6717.21845329477,7079.071337278759
7172.25887981002,6760.955761127501,-7348.571602730464,6994.055972953361,7140.135962094871,7348.8906002946815,6725.61490232085,7081.815874566853
7167.392436367479,6759.201117436428,-7346.40251536546,6980.628234726648,7133.750885386224,7332.607563530846,6748.92002656937,7111.753482855318
7139.859801627583,6761.872045526435,-7338.260774563263,7001.923210779508,7142.433111543355,7324.886515881532,6775.823128009668,7097.272164037535
7143.928914745443,6759.207071774645,-7328.584289149301,7003.322476572265,7141.308754274626,7325.38991910455,6761.44664425348,7121.181208597777
7124.564241662561,6753.446223832198,-7330.691139506087,7010.2758373858505,7149.76065838712,7318.467627228545,6736.762742888685,7124.661762136897
7109.500014759315,6732.698908064101,-7329.612289855911,6997.726009385834,7134.531490409832,7318.034632610986,6709.33516907148,7090.1045526938
7103.113540130119,6744.207366448423,-7290.685477656565,6954.733040829318,7103.401702757269,7318.079151964719,6709.514874404471,7052.474169440786
7099.435725625304,6766.97601276494,-7297.884093876911,6970.175898322432,7119.4424881573905,7335.927176793884,6696.4788438227215,7079.982692398483
7114.4853936915115,6778.717111442099,-7323.617948284138,7021.357103868256,7143.084204049652,7333.291918540401,6731.325542268189,7123.923832540683
7105.0349939818625,6781.639317820195,-7348.897695083971,7010.313754865237,7155.6597704220285,7347.380722224684,6711.193185092712,7152.201216858121
7100.312827872646,6782.238487575156,-7337.837445874539,7016.943975335253,7154.269486134381,7335.729212875384,6712.140352615275,7145.706304393599
7094.064166250551,6739.948762631723,-7328.311906791606,6981.3636456300255,7149.821952352055,7319.846896377883,6681.152775327089,7125.112411913591
7094.090383538416,6753.689702629183,-7314.058706478168,6992.2084351389785,7115.101467306126,7300.50674934529,6688.630284226968,7105.544136026863
7112.337300182548,6759.59803023062,-7308.214406957282,6988.818811854439,7133.223543949828,7322.197395855537,6722.793939069056,7095.863770113407
