manual.nii.gz,goal.nii.gz,imaginal.nii.gz,visual.nii.gz,procedual.nii.gz,retrieval.nii.gz
6480.241552610351,3237.1387882404347,6673.494755405893,6577.778847692719,6851.531534700409,6836.625658481523
6479.568868652088,3233.149757958033,6647.165450973122,6558.339546146054,6871.750513482221,6833.54721913678
6468.093002694712,3228.4559100914626,6625.301099498732,6538.726174191247,6855.377428613954,6808.304753183517
6468.446544179071,3218.715879576273,6641.583914758221,6554.023445628147,6870.155107555614,6828.39923597767
6488.752766984912,3230.2757131772087,6636.224703118545,6570.155495375574,6858.250894744071,6835.173558115638
6511.18610675422,3219.1765304264545,6663.035466970486,6554.68717444041,6896.123355606173,6876.282256119986
6516.5336440511355,3225.1414030562846,6643.843735600844,6560.659975078431,6856.474265793287,6873.368160694872
6517.565307447711,3219.3724025450188,6661.385526809714,6554.745921477886,6857.9253187598115,6893.981624555025
6525.325841209525,3228.7868795284567,6658.556470277693,6576.376839423904,6866.120580454283,6867.736993569688
6484.702660465278,3226.0627322650153,6650.004083784328,6556.63775405238,6879.352740900135,6869.919048777227
6488.109705427544,3232.6988174166895,6634.957958789769,6551.042190220849,6849.015783604574,6859.919336854461
6469.6083503642085,3228.93425270491,6620.540768169868,6551.902390983735,6865.419700290412,6834.3607611562375
6476.0137386083425,3226.717516789471,6625.103855916552,6581.444327096259,6873.133895670956,6830.762029506943
6499.116500732032,3232.4149651734297,6649.652028686368,6592.340719546042,6867.2020743448265,6845.369341277431
6504.188419990422,3225.422189741006,6650.078847851592,6591.615354955305,6913.853746453708,6875.04892533506
6497.430333333225,3233.8801388762486,6670.5525228783845,6598.782331681276,6885.556092093821,6864.154539742793
6510.725592222182,3225.6605511613784,6660.90797747284,6604.156757649101,6873.7019940983855,6841.021728452971
6499.9768573964975,3226.2833007016,6652.034863775426,6568.5048240228825,6850.793352839475,6864.87848460903
6497.24404852024,3219.6377835803487,6639.793269074171,6597.405859998595,6858.952879918853,6841.260525137758
6504.476792458003,3239.518657308874,6668.988082961644,6568.205397507459,6853.249762474561,6871.302515459315
6480.966301355564,3217.2302835964124,6651.1465096394595,6592.202431014065,6868.901437995684,6845.423854961702
6481.034209879049,3222.9745088286454,6645.255199051723,6561.931665293758,6858.486568646742,6818.865467787649
6468.841824926481,3234.293656263265,6641.111986885883,6570.33641840052,6849.664203693896,6823.499650407987
6469.806084387556,3234.4211148024106,6620.261833057128,6536.600231429999,6861.665945840494,6835.247607411159
6458.741782031131,3240.6323384458365,6625.511597294203,6560.380142234097,6845.543678421598,6814.580200922101
6453.295799642551,3222.147204327404,6631.0439834084245,6539.678516333095,6890.974046055669,6825.8902810089585
6476.42367547101,3225.332619724022,6641.940262886686,6546.101485368535,6866.767973982074,6794.8009620209095
6488.828265848303,3241.846802689773,6641.460455197344,6590.130495729792,6868.446610813806,6867.279894332723
6492.781640082604,3230.0145429161403,6643.38235174413,6596.4979547455,6891.753472623115,6818.589176425813
6492.35482434412,3242.561622044046,6651.354069091152,6593.014661902384,6881.41605190962,6837.69918560746
6484.911748714778,3227.270476695019,6637.508120929802,6577.577866440243,6867.757129696243,6811.298802914852
6482.125638849295,3235.5391567791407,6648.155427846128,6560.611367859475,6849.9635941789675,6843.020000200321
6484.945299076104,3231.0279354891886,6636.599739295084,6566.070346778731,6857.892476518626,6829.073441060299
6507.484542223701,3237.9187533446075,6655.59934827383,6563.588336822939,6859.019929919078,6859.828766355917
6504.8623315828745,3231.782583035034,6678.850763413389,6601.04972116299,6861.064389328902,6889.5955340650735
6500.214446943853,3226.5690246661816,6693.363802938062,6620.412206016757,6891.794133447686,6865.996368700082
6480.715985749274,3233.7876837050107,6681.134858726563,6607.117394232171,6872.009078356727,6862.341980425926
6457.835253601849,3213.4633602638573,6640.203910393699,6606.638556848694,6870.9126769411305,6828.171501464023
6466.202697975038,3218.93112596507,6636.657798799027,6579.310411241184,6898.782175338275,6800.358053297423
6469.734592471934,3225.129314880625,6647.694989571141,6589.369627240603,6865.2783097885585,6814.427062715086
6495.5457555272,3236.88330975723,6649.257053632953,6592.589653146278,6873.851378276498,6848.015466038525
6503.279094434352,3228.8990456757774,6670.266628787547,6577.359427870655,6873.747612496505,6862.6516666845055
6500.601468297433,3224.1556655293934,6654.846909628284,6564.369657954228,6865.681818263178,6855.257142112455
6487.4916615992115,3228.51718187427,6650.786132439398,6556.7660434121535,6850.617566331842,6868.319631542445
6492.838182819576,3222.0679686721437,6636.965120515691,6546.294808974428,6866.460967722135,6862.292528014749
6479.626825749198,3232.7442032733015,6662.399721795499,6599.913181104411,6865.0751209854425,6851.293746089368
6485.965148298815,3229.082480969012,6653.873812330391,6543.076861602275,6869.433786730232,6863.315232135361
6492.574746157947,3232.283600778429,6676.16457572922,6563.247353259067,6861.464718134928,6832.019485725228
6496.729444235182,3227.397207784681,6631.078880912058,6573.924990566692,6858.023597666056,6823.3494423077955
6504.703830843887,3243.8358653123255,6662.677056351844,6578.877237299206,6852.277740312362,6833.054972609505
6481.881570216805,3219.02126331796,6628.098195947598,6582.810311162168,6863.055367657876,6836.748764774359
6481.492998267376,3235.566578816046,6667.4231110808005,6616.419071198362,6859.738365072597,6848.021858433821
6521.339018845142,3248.9315129586016,6681.680384616001,6582.842383803829,6873.530707840447,6850.305642177149
6489.446746140198,3233.285935597847,6647.710215590536,6543.028642034935,6850.976458719074,6851.8460813827605
6477.744150227451,3218.24204501252,6628.461016597049,6557.076539022951,6874.269863542431,6822.917421987391
6485.364693404677,3224.327887562946,6633.171894659636,6530.416051957387,6849.671968576383,6820.322034118813
6514.190885783061,3239.519814344582,6649.36538453139,6542.961946591634,6848.959034324803,6852.314931185005
6504.90088795784,3226.250670288928,6632.766637985479,6540.290072822782,6869.412388412088,6857.942506425153
6548.161914048005,3250.642007314784,6668.158860933958,6586.461448080924,6862.350932917952,6890.419643641758
6532.058585651693,3222.031392925857,6656.61624412623,6552.996734852881,6855.161599636678,6853.830638122405
6518.074111897804,3240.8779836674535,6694.218908127313,6593.269808651618,6854.196677863424,6881.286886990784
6521.03019191204,3228.264239882677,6667.313750569019,6565.286582448973,6882.382264721363,6848.881685069825
6509.842174713788,3221.7437828924244,6658.796111668447,6577.356493328702,6859.35793226739,6887.23685689838
6514.665066638925,3222.3562450989652,6651.899180895894,6576.892170479528,6847.872139760792,6860.938933340926
6500.111343586179,3227.17590644799,6658.260566772946,6576.773672560926,6853.749356567591,6859.868083704749
6518.727586860244,3224.893504973922,6668.798324647467,6582.573080951258,6856.346978334689,6857.641783949919
6497.1006254018785,3228.5613579175724,6664.040586887585,6581.291279402515,6848.939777539556,6856.386134295108
6501.62769034596,3231.062381697349,6649.679374955302,6547.810795633697,6843.967729678416,6849.999654415157
6496.642066216086,3221.9948052903446,6645.544298342195,6546.769400485155,6844.648496619391,6825.840900438045
6508.813916243151,3221.0371142332606,6630.978937609477,6562.070528039417,6865.577870170807,6841.045911225546
6495.188171783243,3220.310879957714,6630.021475070917,6562.109965034933,6880.452019653358,6798.1332056904575
6482.146516137689,3232.4380727414623,6635.974738052068,6585.513531645726,6864.749534855897,6846.493708078783
6490.815053147455,3226.5161510959338,6662.7236755337635,6572.587595693012,6874.086419064161,6848.052143149422
6494.898749422984,3240.650707404693,6645.2280126548885,6572.067873420926,6847.90343488187,6887.3952241835295
6499.11779391104,3214.4296317485678,6668.80088267162,6567.11323850976,6856.862807639304,6870.314964450792
6503.224336947649,3235.3355520254454,6655.7763210116245,6572.016563168195,6847.595633684803,6877.460099383734
6490.1111555487905,3227.2959145952427,6649.509953303573,6604.518610440587,6860.22439455164,6861.896695143199
6502.782732634288,3237.492341365258,6662.417410923497,6588.492500816185,6877.8979807943715,6861.102776408039
6513.047688078131,3222.1883410436913,6668.347818065952,6614.712013147626,6871.269663283749,6868.305981031506
6509.91480429599,3234.4477299727487,6648.161667139175,6596.134666026407,6883.652538856361,6868.617935956205
6494.442918610997,3223.549257259897,6653.282934839283,6603.65168474149,6851.583715209432,6866.270499514874
6511.737015689071,3237.089161770673,6644.310935865202,6556.347541475179,6879.898903364492,6845.65641331412
6502.202456596381,3211.8106812422857,6660.047672747188,6599.664312976753,6859.804500103055,6848.392429301426
6515.322079901032,3248.7697618280163,6683.642452162262,6587.297857788444,6882.968527809923,6878.156991019116
6523.449864367947,3234.8381449616827,6674.041869345243,6584.034736509279,6881.047293012188,6895.960012461801
6529.53549306751,3233.284400275101,6711.886269777194,6613.1685923601935,6886.90620739695,6889.859523441698
6522.297458687588,3227.619079027231,6698.570373198326,6597.197545668906,6860.1065120862995,6881.239588935374
6536.240397607323,3241.1407148618664,6681.3315931220295,6590.109191616279,6881.037677799535,6888.589006075741
6526.092707149515,3219.2981047729068,6669.8666453546975,6612.841295440563,6846.221648704197,6864.303705812405
6524.46545065511,3234.0782713201884,6658.200337591965,6584.882523455743,6853.194604213596,6892.797787356066
6506.578614437008,3223.4179531144655,6673.795556956053,6569.988787443094,6845.574337934713,6889.184484047449
6476.927685746049,3218.026646649073,6651.518715061493,6564.789137535789,6843.523514954504,6861.918964207849
6477.349158625213,3226.9880890012846,6642.167426477284,6611.411529218962,6837.085267955097,6827.480745974917
6469.7633070982565,3227.629699881286,6628.653643169796,6547.88699648802,6856.006654172993,6837.559924572992
6469.884917198188,3222.020617744103,6651.452740771902,6567.325573076201,6864.2651028190285,6798.798300248694
6492.197630080219,3226.0798878853243,6650.223009276376,6527.965106588873,6885.2345432600405,6868.064687666054
6506.655357514772,3224.349188228328,6654.659107860402,6562.686783799901,6894.897540893897,6827.036133120296
6503.228549478589,3224.0863480759335,6650.686750678562,6514.740054073682,6883.597199829415,6836.077056307252
6515.7690124957435,3232.0628113527573,6641.560660716522,6558.679470315054,6844.437613471948,6840.681755157085
6508.665683842647,3217.642171223649,6642.7416309721675,6557.0563518684585,6838.702343392616,6862.515770490333
6512.449965796325,3231.214435583691,6680.2930218313795,6586.224563822333,6846.642894240788,6859.746499322265
6503.441310044545,3211.426263090944,6668.615516697202,6548.710064340014,6860.7507641231605,6849.8981669119
6482.450153605742,3239.445154229466,6674.530573537283,6573.255775156281,6857.756775218407,6840.659167571935
6494.146356453752,3214.3807649652426,6652.317676086411,6563.614281627593,6880.739016241532,6824.02212098509
6484.029531362149,3224.2171407923834,6662.083880664655,6547.323367341801,6840.6058188223,6874.702440344801
6500.9007928138035,3213.2224594815093,6651.600295349053,6543.543271429487,6850.523394805166,6820.024217622709
6510.2002122741205,3224.713482154002,6662.219873249654,6572.321844710654,6840.046903693136,6853.600026202453
6496.348333402522,3216.5588659484874,6657.639583786848,6536.213425162129,6847.185489179207,6841.247946476457
6504.560527880761,3222.0985355857474,6638.6549215054065,6560.460285793937,6871.136856985914,6822.048488440569
6500.981584133114,3216.7032327928346,6636.019958852571,6544.197660368786,6849.480086690347,6822.3553116500125
6478.088595910361,3215.5968415067323,6633.870598702165,6552.302260906701,6876.926900932173,6856.1117650111155
6518.728532673816,3216.4322251844887,6646.47322889166,6569.319953680801,6862.211299421367,6852.403316564135
6497.75783469588,3229.146946089035,6651.358187379339,6604.293407308781,6879.400879027262,6875.400196740207
6512.765123555582,3228.1077372798463,6671.767414257538,6591.17370576939,6872.427891358511,6864.486518253851
6513.7848735054795,3224.409171253198,6672.403678699721,6584.549783643354,6870.87921670875,6860.827186518066
6521.053830546464,3234.074025015574,6670.544658519179,6575.717960500571,6855.452099583191,6840.954152645298
6496.964590737827,3216.1095400677973,6640.371782558979,6544.5211606611665,6849.564743909193,6807.3063700961375
6492.231218407075,3225.8385971367798,6630.53650330214,6539.2213991908175,6838.8414857244015,6809.433109979117
6476.631709439187,3208.937543715833,6603.903538833991,6513.305079728025,6834.176974458431,6811.031549109393
6502.587824954278,3240.915727529982,6639.898570918815,6547.457887233063,6852.290689953249,6827.090628421157
6518.960967445942,3224.3218074472534,6647.089624596989,6588.145100379093,6854.655780577013,6822.637264241716
6518.9095003134935,3230.212168058533,6661.938833946291,6572.494387578087,6835.6453596135325,6849.906140028774
6514.471895582613,3231.5687914707028,6643.521934532845,6568.260868933486,6843.955377713059,6838.62853926121
6492.505051912007,3225.589261758871,6649.949714466252,6548.819755676099,6852.079206399326,6823.293401855377
6521.377768737296,3229.6690520268753,6652.738545849295,6538.452168679133,6828.842554545117,6857.2442368792945
6493.422703453239,3227.059902982972,6649.562981554153,6561.584806927729,6824.138547430921,6835.568621120734
6519.937878724539,3229.522583877342,6644.339333799757,6546.881896747306,6848.181515786531,6848.758285656046
6488.029877265767,3218.6225867232483,6628.440062212225,6554.954499049114,6846.395914845427,6840.828579334475
6498.834116695052,3233.4591869056735,6634.269710196082,6530.23446965885,6846.152284533745,6831.122072139908
6485.2756050387325,3214.054641422216,6633.908506023595,6545.924410283819,6872.777568906072,6823.366255505662
6497.129901555968,3239.324953572533,6636.159699687438,6569.592029610698,6889.203632434731,6843.160524419474
6513.7184711671425,3230.3427721836074,6671.827819978069,6602.751524720024,6870.1683815072565,6851.585503702789
6537.300876214635,3235.4561312876476,6663.411727238387,6572.474929452152,6891.449459142217,6860.706283793809
6533.411863406772,3224.0835505235414,6681.81951138033,6573.671680891001,6848.712492695614,6866.832443519275
6525.277628692542,3237.2694119972994,6666.582999817277,6562.215036223811,6845.266675586163,6876.324889531422
6517.319362263855,3225.1664535723025,6658.178427889729,6542.043128861489,6848.917336178758,6880.62468023598
6500.94685269843,3218.867096221809,6647.593034378467,6526.054802638046,6840.637362332015,6843.857173822903
6485.399764733331,3216.737115121226,6631.934465080522,6525.629401938469,6837.471368158998,6822.296386054428
6464.040094664001,3235.058977024491,6625.033586102115,6520.411002402907,6827.058704919842,6852.212794482946
6477.682727218793,3227.3012752129002,6629.766865091987,6578.923247533232,6847.104732285144,6814.01635120296
6485.485640834855,3228.8615814284994,6661.298928270503,6554.533702152306,6870.677141822711,6864.095169856594
6497.5617269412505,3219.413333674293,6685.848710823569,6586.765916782615,6883.884045010535,6839.878584158201
6497.83058728649,3217.223691863533,6678.335194796702,6592.639430652393,6881.826830306096,6843.115091851293
6515.897826409922,3226.91953585406,6672.527345614797,6587.283996650096,6859.255112481482,6826.369309137106
6511.853486766999,3225.272632390902,6669.021783915143,6577.173779306705,6853.410387800795,6848.818265347224
6540.663602588053,3231.9479625232275,6661.62286916855,6559.308009191531,6849.554835905427,6843.46841647758
6513.271271746011,3217.1626324121344,6650.049252412429,6544.765265930457,6848.713010891186,6828.877195910566
6533.7299239662,3226.012699488478,6630.84965756195,6556.853384449428,6847.208450737219,6805.135452864875
6515.323239124037,3216.781748939351,6627.499447992605,6548.449898440239,6825.940280393455,6807.402542389364
6479.92146735392,3207.1226734365187,6610.989836158349,6502.545644235265,6861.9474993952945,6824.326051454166
6465.767962337944,3201.6983841655688,6615.446637422957,6517.198852280209,6819.46860213737,6811.445696677685
6471.514596246265,3219.6491046813876,6619.460293756843,6539.685053084527,6832.60444993304,6806.518118948507
6470.50008111749,3215.498549911302,6620.80269003514,6524.722983566514,6841.197180836038,6800.496070282155
6485.938734674194,3215.435914182914,6644.849066403297,6532.586206938028,6855.077704077777,6812.192851477952
6504.200900221544,3215.270504402178,6640.0808691770935,6531.394591254863,6862.2337386892195,6775.740917961234
6491.391450677334,3229.2952286675613,6655.74775216678,6545.42286077344,6824.340782854091,6823.098060034788
6490.749439966681,3215.9373452868826,6636.531388402877,6534.461854836839,6812.381914615579,6825.265707778291
6496.381587168669,3211.3814925690976,6640.453469166224,6543.6509911890735,6844.883367991082,6840.206518276243
6516.037747364119,3229.0028383043905,6632.54234162012,6556.428859214243,6869.733592361908,6835.365257834806
6495.94770462062,3220.346387438675,6672.479165882954,6564.445415402406,6836.8702302416295,6831.865091263943
6515.534520347576,3227.523781222292,6650.407267039646,6559.965090031028,6878.6952848220535,6837.966741246337
6488.718980545398,3232.8131497952168,6667.749224338347,6616.693197230492,6858.287170458185,6876.0140682792935
6492.255517616084,3209.6468515433507,6666.494478630273,6582.679036762785,6829.894034964076,6856.268184319964
6511.402378463386,3231.0383234949536,6701.9754970169115,6578.877914541969,6831.577302748652,6854.354215136227
6528.50989266939,3223.145260218338,6655.630424357071,6551.650169307668,6834.433241364927,6838.90354299938
6514.208139268717,3234.40308496905,6633.901916117636,6541.576197425233,6823.851590608352,6821.350048920666
6498.736557184251,3211.9870114701584,6598.721215270574,6517.104880772801,6843.428263284784,6779.539327185956
6491.241532714162,3233.4879068643463,6614.529691937231,6519.204405111915,6819.741115435781,6786.001149994681
6478.7552131028815,3224.9588604584446,6614.520203783683,6517.178189318472,6838.4301051508255,6810.88856460175
6507.185630111331,3227.2562660228596,6645.403546928904,6544.6891474758995,6850.152904113601,6818.637035588887
6503.190384470253,3212.978339749465,6641.69613810304,6534.73899014645,6844.664953074878,6824.982205882158
6519.4977220695,3230.1771607077417,6638.370404184328,6541.265156016983,6833.203331400193,6823.10667721878
6511.095467107562,3205.802045031838,6619.401906700986,6555.051527099691,6831.074735123546,6810.541858413792
6542.668468494588,3228.2984077727315,6639.500424439029,6524.723245210795,6842.899629912245,6823.137315480318
6527.154237247397,3216.9792135495154,6653.9513598178855,6512.486895558435,6840.455452978664,6855.510217479866
6530.331568265264,3217.314604256647,6641.066087952495,6530.512881123272,6847.674426580552,6829.855286844485
6530.3126842256415,3217.2241161058737,6640.284657000809,6529.52723154203,6852.074467848467,6846.117816853738
6536.993500551752,3221.5675865096346,6627.823209494908,6527.7469551357335,6832.599664112861,6838.696023707401
6519.156227901255,3215.541061155574,6642.6246803798085,6538.930323841344,6851.81145999464,6810.017673116844
6536.028514822735,3230.0388516722956,6639.381601920163,6530.24364335947,6858.222568377576,6844.324178077188
6510.115017435971,3223.5255365789667,6657.724021829357,6544.373705524745,6864.4874493137395,6848.437186324868
6514.722302238596,3215.767670284225,6655.660860569821,6536.498957583652,6840.706888328334,6879.666004115274
6519.106377970671,3232.976116825583,6679.329491784379,6568.997532326403,6861.176314139612,6869.9777788826505
6519.274108190598,3221.0632654146902,6668.946048426144,6549.755450989385,6842.547394489798,6859.968016731308
6505.445605339257,3223.0891166437596,6651.978245031429,6538.8641407404475,6851.366645196418,6873.19602279154
6499.497237467618,3212.9240244369935,6652.731936809982,6524.518760784591,6837.227373313672,6860.825295545197
6509.298104221183,3222.802847058134,6642.650444653867,6526.851274207364,6863.44188211699,6848.7432145046005
6509.631850800694,3216.832851636367,6650.563696180991,6552.408622513161,6835.370936508751,6829.915042303223
6503.412125105209,3223.3563892042844,6645.027954646263,6541.999124241433,6847.533060306946,6848.199301431484
6502.668048801384,3210.563264496569,6641.766192250745,6541.329783325457,6836.62003092076,6836.416356670738
6503.901676785778,3220.773950435728,6644.799444782837,6554.522475554162,6872.057583692063,6858.724000109004
6524.646557296755,3236.406543795076,6663.137071434621,6610.985563154957,6854.765797174438,6855.398332860108
6519.946835842149,3240.2793199140583,6674.597425531531,6586.766724310417,6840.8678670805275,6830.32593718667
6509.155270238403,3228.391003656856,6618.7447344578795,6541.313330111451,6864.1095577046835,6840.183000586655
6494.130100079513,3229.255834671519,6640.30616334316,6568.051691759292,6831.833477794119,6844.5972322767375
6502.018503236242,3229.3345072011743,6649.04214379194,6546.282721033584,6819.144226848319,6846.68048917967
6499.619859169827,3216.7013461091706,6640.832358927552,6533.013982601434,6831.1117118336715,6849.027417773418
6500.224451406586,3220.290664417042,6639.016696654814,6524.699524688466,6812.331836185698,6805.79317282001
6496.807961632577,3205.1858474345104,6636.951134409134,6544.808447448975,6808.867715221561,6829.608199976719
6485.4417685605495,3210.7658341410347,6630.95675135784,6519.81830179307,6818.258970812398,6822.072362383668
6484.975968927448,3204.586506726155,6631.849326909555,6547.439729189764,6819.627983078813,6836.165558375562
6485.755708806189,3217.2744633543875,6645.546165998416,6570.524092123305,6812.167995892262,6839.701449643591
6505.306601477482,3228.6736396375222,6650.2487522110005,6546.630501463455,6825.612686708945,6848.9494243614645
6493.337669773322,3214.019338485038,6651.1857833707945,6531.639915840179,6842.611125070636,6831.472414223508
6493.502078972512,3212.8207478976356,6625.182338186588,6517.658142127612,6838.6931861826715,6837.092594569353
6487.406485049499,3215.2872554637866,6626.679466389995,6537.990689390451,6831.558796396171,6807.596117383075
6493.094606827836,3214.84916424731,6609.288010067716,6515.7095020488605,6865.83702133102,6824.466347465029
6493.791936695527,3207.9631792061678,6641.252007697202,6535.230474339396,6860.729787761367,6837.320810436346
6517.060186411587,3220.0544636478717,6638.031731482582,6540.336311934187,6881.194752005221,6852.079907661774
6509.0204617181025,3234.4820745324164,6667.719329428728,6575.600763376077,6859.762635033495,6848.895247274058
6532.861822733062,3229.0709880497575,6657.267223909465,6549.039092003169,6883.295763943652,6865.187902621435
6508.717855278133,3218.0293809392006,6668.916804661027,6534.812069785137,6838.167203764268,6864.590737809093
6507.561999471977,3213.885663962357,6645.543276421315,6523.236704732247,6840.561898240903,6834.44536483424
6491.095930490785,3213.5054209306277,6636.268157047036,6538.398875341871,6805.869058364401,6821.876822544658
6492.7227568867565,3212.4725086770286,6634.908351989895,6535.5996384590735,6836.30406716745,6814.314786369926
6484.418857184697,3217.873232879968,6622.182892561842,6532.165092420142,6856.2431783870425,6820.291826401074
6505.767798821243,3219.721113500389,6648.1474364341,6548.445488318771,6886.6694946546195,6814.452283530882
6517.288537922661,3218.7467939932944,6646.808622490859,6553.611387403323,6868.032538113859,6844.143236645786
6524.518871225662,3232.461008456181,6679.000716278669,6566.296574392195,6877.8723301261825,6839.295486545897
6506.38041726546,3228.6833841363905,6656.678230793726,6537.500131303393,6878.911785791385,6836.501412500469
6488.879588825196,3216.5391405043574,6686.625088083926,6558.030788240875,6852.7382447438895,6848.571719829072
6494.830032724147,3222.5682175715374,6684.449762793384,6574.591063071066,6832.811711376531,6837.429841470945
6497.674757950637,3208.534150169645,6693.217391903559,6560.88860913536,6817.214966023537,6826.987363165088
6512.317853873419,3236.3935189726167,6660.88694853452,6568.4085098096175,6857.621719304535,6829.586425928565
6505.894864981925,3216.158016286285,6687.013291954069,6594.313132070622,6830.461398479448,6848.535635915042
6519.962138877986,3247.408161520352,6674.166423620095,6554.059255554061,6845.65900386004,6830.382592415385
6517.631067763068,3224.920470039371,6670.152405075,6563.5246125790145,6882.698833009163,6854.460305637259
6509.413297196492,3223.0130803407064,6682.08892373445,6532.045607829278,6843.081975790125,6863.825793834136
6519.447354811319,3220.876621223688,6655.264867344048,6530.463288265531,6852.057821003682,6837.263759843187
6487.437065083674,3215.6976139584053,6642.707771042282,6510.366533056115,6825.758720792726,6826.148278103753
6501.607767321926,3211.0073645672273,6623.507856151193,6517.587677985136,6823.359421542392,6801.187981843425
6495.594829910075,3212.433330226204,6629.153715480193,6535.740434348537,6824.024421195104,6785.679695339295
6505.05905314156,3224.525688070793,6618.397036009679,6510.702803114809,6858.878490158077,6789.088529344613
6496.209306579538,3227.4977261384797,6602.233340505528,6503.140282589623,6832.191470064934,6797.643690549393
6478.64450816864,3206.688187806657,6604.533272477407,6465.139822065537,6843.842043767272,6811.175833073222
6486.583587968489,3215.5099168519077,6589.739100740476,6502.729408080861,6821.837088859699,6768.371207882266
6484.423860102485,3216.539555892187,6610.390522193271,6450.415091613005,6824.2644883887515,6793.69349603344
6474.767059320151,3212.27843979648,6609.682622366994,6474.768452573461,6815.175553594096,6775.190029352192
6477.388315399219,3215.699631180379,6591.154165769303,6479.785409354698,6836.576773220794,6795.761400570218
6493.202521448083,3213.8801148546336,6605.663117109844,6486.917907619235,6850.745686691445,6809.291847343528
6506.443264144903,3233.6783500478687,6611.719816649826,6483.572557390162,6835.594528179414,6808.799371975774
6511.155098199727,3220.929718329899,6607.644702135709,6529.514411893251,6874.483734525105,6822.866443392529
6503.505799149861,3219.0531072987274,6647.393904250331,6522.029523283806,6842.421246126249,6836.368775906244
6507.5865393212225,3227.2932937874475,6644.6592065147015,6505.430849649316,6853.055012573232,6819.6857969031025
6479.620929812945,3215.621885020211,6621.801716481283,6494.660133677985,6826.782603305233,6821.063467607917
6505.002530017446,3220.1299617250274,6612.942058927992,6507.711814437145,6843.969919850736,6834.762427160473
6523.682765357836,3229.3624618139097,6665.033326285781,6561.9222319644705,6862.774933655834,6834.288789369934
6514.736572517437,3231.3299925872657,6655.580271961592,6558.772994921355,6841.509967141347,6844.225052250964
6479.0442912285225,3210.530236017709,6692.3216610624895,6547.713965333506,6803.259015363981,6831.934571250385
6495.418084317105,3235.9060277830827,6722.732464696094,6525.439081470236,6796.981502854842,6806.828296281952
6504.070088107894,3211.7741493383023,6636.409838444584,6500.43880155049,6831.8705618657,6837.084276302133
6506.649257795023,3225.191423277866,6617.691509155369,6519.72786936823,6835.018832479217,6820.649511777261
6521.259965965711,3217.489694335414,6618.425478852735,6496.690000995457,6813.512231646515,6818.219809082761
6500.66630037954,3199.733358883303,6607.232860479782,6478.506830528287,6835.723244002761,6795.6808440446175
6504.035432320654,3210.8481379813043,6618.785900101749,6540.222898393219,6824.891476069942,6845.109151199166
6518.008454372088,3221.4003531115713,6640.314139475835,6513.3537137063795,6840.939161918595,6815.426645383542
6505.215670236805,3222.2004771949687,6640.329102764579,6525.959650224773,6845.456657154833,6859.762550636815
6523.256360179204,3232.471921440306,6631.079022852697,6525.5477096078175,6845.518702577253,6831.541683676773
6515.396514647619,3213.5047721769456,6623.14005001821,6517.423757098254,6856.474461254522,6843.061564588763
6500.758097748891,3219.532402818136,6649.819566982103,6501.431291902716,6829.68479377133,6851.833226238326
6531.289881372644,3216.6574692433364,6632.508550026756,6511.206509021429,6817.808931858706,6834.676011734045
6518.210799130246,3215.960239830565,6648.531092872364,6525.831393122897,6848.18803115777,6802.488181229895
6515.254484433689,3234.686301941711,6631.686299282891,6508.224752545207,6860.7602080865645,6829.900608781963
6492.44822642638,3216.0459480786258,6640.394044000653,6551.848398145547,6851.746289630793,6828.0685238590095
6505.595485338415,3222.654985164027,6629.659006288972,6515.538080126,6843.153333601238,6830.514787606238
6479.3464967147365,3211.1731505708285,6617.231067498707,6528.881909633214,6798.497027484426,6798.486693343285
6468.896083793937,3208.1340715959536,6594.080814222604,6493.238068110904,6813.637236904791,6780.320001459039
6467.178614000528,3218.4995101257573,6620.974567375861,6490.453506455977,6798.125093281575,6792.674601374016
6516.536787112794,3220.4383988193968,6663.477213365881,6555.081199996898,6822.945074687613,6836.2817406515005
6526.331385600048,3239.3497237962342,6681.110024113799,6567.208075947029,6839.419110002881,6836.236314127269
6531.399040946393,3241.984208350895,6651.400133095972,6545.065541976804,6841.670974246588,6833.692957070989
6488.442769458546,3216.411684752731,6621.672864303665,6518.469067975601,6806.447099063487,6809.129210301058
6464.97130972698,3202.1195280107677,6607.315439861696,6488.705496545782,6801.683803186982,6770.077238312463
6456.488709442684,3210.0242559012213,6627.0193153155515,6509.562150362309,6752.880162116352,6805.979297007699
6484.980282243759,3229.248962581359,6673.850053713079,6524.531426601432,6781.491117179235,6851.395575318056
6502.1930894053485,3215.794191196335,6651.419934199977,6513.3261857139505,6800.826188073784,6822.744683907067
6469.412430638405,3197.1393940220146,6616.424212128871,6479.978968039934,6806.812923008984,6769.113428063067
6471.653250572037,3191.862370870471,6569.543454122587,6472.5074886536195,6768.881608493633,6758.644414695202
6438.427901236005,3201.8507679171335,6576.605474672755,6428.199223459315,6783.14046783583,6742.684090373893
6433.752787389426,3189.3892678008215,6559.060500875844,6451.657830198131,6786.566452142169,6742.287046083297
6446.6702013161885,3194.158849836566,6591.970029650067,6441.736398852179,6787.812530453067,6767.163751700513
6474.789661470947,3217.6834357830817,6606.956496590684,6485.817624262694,6793.705841093197,6776.481866651938
6489.776447694241,3206.863749003628,6651.063988345251,6490.251674975533,6801.300258914726,6816.762216030367
6491.64350150049,3202.196346783469,6603.735123549445,6468.086697305372,6784.492694920712,6805.13083135796
6497.176307975949,3218.6264290178474,6640.769581365812,6477.814422983649,6799.863137105475,6803.452670835434
6498.89768624268,3210.1581044684262,6624.525082163303,6491.658562257198,6813.279511334915,6822.9383837586465
6482.464237104845,3204.0566528496856,6640.85968957341,6533.347945549832,6807.832825088598,6827.751003056364
6495.7704935002175,3227.1857304227065,6646.478849683822,6546.260672508647,6822.254777701746,6839.981583698299
6501.319594444667,3216.8911438786727,6655.821788147117,6540.090510856284,6813.539874874584,6823.966325345155
6492.151536982098,3216.6596861783732,6632.069090477327,6475.850131747332,6809.822155345374,6842.87215181029
6499.184180246115,3208.6194215294267,6639.643712010089,6499.782451894996,6819.993508410615,6825.720107061982
6511.343468042706,3225.0843880587768,6636.305036609478,6518.309161622194,6862.691839396235,6839.758381280301
6494.012716506815,3221.2246754014695,6643.560559732185,6531.8955326893165,6830.693960547572,6822.199447186197
6518.191716522964,3221.81302770223,6653.516866858566,6517.59232109635,6872.15138019741,6836.7338746473415
6504.696092825013,3225.011586438165,6670.879471561948,6549.459130719911,6860.151335905793,6836.744542239579
6498.826468977893,3226.6482750406635,6669.107981686321,6548.920555310906,6843.507678910974,6800.3837648183435
6496.019162002919,3222.055559350791,6629.7225235286705,6521.950762110306,6853.848068250934,6842.662290786397
6474.901133579668,3215.4081119489197,6630.694503751525,6506.905504153153,6845.502034305968,6839.795622537821
6494.417301406224,3219.282738201206,6637.933726120655,6522.4832923874155,6859.377307796883,6866.591939450732
6502.380907450379,3220.1190236577972,6662.183856903975,6559.10813518434,6862.092161832377,6871.85587506726
6522.548320685082,3234.984246600485,6672.0535878357005,6551.569784978609,6895.669889089287,6866.591846614836
6532.104656281231,3219.9535031374494,6655.226443459776,6535.827126253485,6862.250922020197,6821.928043091117
6517.789904611827,3222.5851036244862,6673.642806189523,6513.0009479445725,6837.75739411403,6827.069271182285
6519.606020666992,3209.608881250699,6621.954081964071,6526.417753107702,6818.281093854212,6783.668675078974
6521.716781064515,3215.7326623221197,6645.698553800345,6529.5909553700085,6817.118193291352,6800.753203378517
6513.368940202743,3209.459991422048,6630.617144253743,6505.494837748595,6823.037381241206,6833.110448982174
6512.22210921593,3220.1490417454484,6658.060332622661,6517.344417183557,6848.4845022820755,6818.102956018546
6495.652426765255,3214.3593906653696,6644.430345172463,6503.408410167343,6863.979154439808,6831.622722687282
6474.916577782836,3218.6858059426327,6646.291433720939,6493.670102651431,6809.175306772672,6814.195711790637
6491.920906221367,3206.214515560994,6628.250741302431,6504.389287070664,6850.478240642489,6797.965841314588
6489.737185403224,3231.6568502340547,6635.477039232964,6522.571401472578,6807.713984204648,6811.6358107036785
6478.888001309715,3204.4094900407977,6630.49995941601,6504.41145070945,6824.2507897366395,6827.110274152253
6501.439938518604,3251.5610783862967,6675.528388259641,6541.625643493174,6846.805413287062,6816.067509322364
6476.621002549835,3209.98578996484,6654.948182266377,6516.918036093732,6837.958472490336,6789.164497002736
6481.674254919303,3219.948929178809,6643.848227545929,6536.252696234008,6839.87769589897,6810.251191695241
6496.402140538436,3223.4213077936565,6625.183078736005,6482.653101147076,6818.525102157516,6794.253394219179
6463.301154923915,3210.577836081908,6646.172144474813,6504.377402025667,6791.190971726372,6797.509969448257
6467.741084732937,3215.664620743578,6617.7722118326465,6465.028586449858,6806.37849502232,6793.050824703405
6451.774502911261,3204.797998789937,6628.936375461679,6507.391858249231,6810.850018959537,6796.552640124512
6492.471299510834,3218.639550107233,6609.549195962682,6457.309182942439,6795.365677274884,6808.195818049098
6473.435082420013,3210.579549012023,6628.906003504444,6510.694215122299,6829.430400709087,6811.26419676743
6509.577009234215,3219.8726727953017,6622.784524344212,6484.861432876764,6835.988504869533,6820.633670198224
6492.15538356578,3204.7980100264167,6654.615455361206,6512.925832637904,6849.300817483856,6811.47224837491
6515.913525064696,3226.9541613707297,6663.992830393873,6534.587946242272,6851.887958649171,6807.488841913016
6529.684883069944,3200.6685109366967,6646.983106377682,6512.865430933007,6825.897691747647,6798.674037668583
6525.364071422345,3221.0019306063678,6658.1226422623095,6520.880243999305,6817.086714614008,6848.8573093728
6533.898544681956,3214.688282292905,6658.464830372872,6542.9536837964915,6825.353155031205,6841.814508556138
6536.287657509778,3233.5789118470507,6686.846915731613,6576.07281238657,6828.904374768826,6899.918510947029
6516.505551418382,3223.810642754298,6686.671209360164,6533.527584797054,6859.207936091559,6831.01632949326
6477.68933610832,3203.853454624539,6670.2139215139705,6536.88760985339,6809.642763410965,6824.600894411836
6494.4063227630695,3237.7598364408095,6676.363248563281,6528.27249168496,6829.420801796532,6828.803900973791
6468.982958576721,3214.541697768349,6632.043275132649,6486.304986749328,6830.537202355979,6803.202938693373
6472.606624314674,3229.524232637246,6603.850715901399,6489.805507962405,6783.803181044936,6817.89472303695
6476.062486720287,3220.6816227009504,6604.959824639768,6460.607612407367,6808.346871605048,6743.9705318245715
6465.879050360796,3235.2646182304034,6614.373090624231,6475.9783544061265,6786.282861843703,6808.142395525298
6462.861233168253,3200.2525198628596,6617.68895810973,6475.694292644368,6818.195152284208,6755.239412323256
6484.300896735063,3226.3780407593654,6616.817954172944,6493.2107032708545,6827.299563622117,6822.310866766819
6513.868369341069,3227.5757972701044,6633.296175593083,6517.012646313594,6875.815340487357,6804.316511081064
6520.33751205877,3231.1340502061717,6649.118382150878,6537.1892833332,6834.122103937397,6825.903968055642
6484.5509052426605,3213.6324737999785,6637.721547797171,6505.219198283171,6823.177702343199,6776.623969882855
6478.861369194745,3206.602916636268,6611.531615590408,6474.480779523433,6827.531339925649,6773.625110745062
6466.888327218492,3209.948758630141,6618.454230993103,6475.070658425627,6807.176501899436,6758.974766715396
6485.091223871644,3204.9525758072696,6613.105387181027,6509.308474206612,6811.185826614774,6805.854843146361
6473.121667094096,3209.1094342472943,6633.36716433568,6497.948696790648,6817.744509073909,6791.345757599883
6516.064733091585,3204.0288677543717,6610.4769342740055,6490.4844358947,6814.106779331881,6780.512925526243
6492.685713330027,3218.0625908084144,6612.7409979373,6471.261138051596,6816.211544052266,6781.112809075033
6490.843131676608,3202.9880792334893,6590.094387825851,6484.110867521156,6820.82689735822,6784.845019728969
6444.306616405094,3199.682304611143,6611.832470040998,6488.999329689596,6828.1639939927745,6838.784587696529
6469.615694414141,3211.864752985687,6614.18457893463,6520.453320804561,6837.2322175773,6831.868748645756
6461.721426453208,3205.904058548298,6626.198468211688,6496.573715565172,6831.187382543718,6838.566423969572
6481.367285034717,3212.161883751179,6624.464221065182,6517.539159341443,6832.955956489685,6839.800868629714
6469.696181872647,3204.090054669735,6642.479598214856,6487.023874913768,6842.782223360311,6825.380431219497
6473.146645160542,3209.5759629754184,6644.299342956796,6526.543196993671,6836.316990594877,6856.124927503868
6493.645878687322,3205.499315282787,6647.0954861726805,6530.261189935681,6846.817227376726,6806.927845720936
6508.718313229336,3211.313356800609,6652.444722898639,6543.440922149067,6837.8979991157985,6848.464387247587
6512.093616865995,3206.1828291697175,6652.83628425954,6562.554381130785,6838.266582277268,6830.634959265105
6520.390126154006,3219.218542850526,6652.414191564443,6530.0037684118315,6822.069556456345,6828.359388651987
6487.5415319153635,3208.085163554592,6631.5819858430295,6527.809573336498,6838.082503326177,6847.197420168484
6483.196731652204,3220.417363144536,6611.376513025731,6505.71092687507,6825.176503926293,6826.8996478146755
6488.623949537615,3213.312816319532,6633.819768613965,6508.493142587562,6798.824197849187,6826.680561809589
6481.44315875522,3216.3925006755617,6618.732458541284,6497.696792251842,6833.509628172236,6826.828180536401
6498.662446932236,3212.044200407682,6651.953429823577,6517.770510729525,6814.570689697361,6816.3666382302035
6504.596238443107,3221.6182960023903,6628.563260381973,6496.244548529747,6863.11802351309,6842.644846285917
6485.248746458506,3205.0800727975825,6632.712504595157,6557.457456300008,6846.096721136587,6808.398295050806
6487.618564705051,3223.212075485439,6634.8571346832905,6513.439794166883,6836.482878343316,6809.049793605586
6464.18315321362,3212.396534166141,6641.881336649918,6539.85970391683,6812.851659224786,6787.342516354933
6464.285435473981,3209.05075029297,6627.088256350792,6530.682450667659,6814.86999620411,6783.50620207724
6474.602175849786,3221.787728619382,6635.226538134567,6525.079776652711,6827.854855490204,6781.772265196807
6491.879408921877,3215.0909671362197,6635.306753142496,6518.293010615278,6830.295837627355,6794.6546478830105
