left_imaginal.nii.gz,right_imaginal.nii.gz,left_retrieval.nii.gz,left_manual.nii.gz,right_visual.nii.gz,left_visual.nii.gz,right_retrieval.nii.gz,right_manual.nii.gz
6267.154424107943,6299.659470708464,6034.502306950215,6227.752086454837,6502.537166969971,6335.4941736282635,6039.008613984919,6330.414085066609
6266.794284889557,6292.936323011498,6020.753340035207,6218.307024099118,6536.414597086051,6359.096441624018,6029.845360758337,6323.421411923664
6260.092337692221,6282.568718486527,6013.9487857395525,6201.143780189271,6519.846762318964,6351.245296700399,6020.935938608564,6324.175469766117
6261.912098447446,6287.265794395359,6022.704153428947,6203.508645199744,6517.4367607761205,6311.110771820111,6035.87673316367,6323.39664869312
6243.694105935706,6260.253102018277,6014.752654148687,6191.034462885817,6496.972983774674,6333.007021238909,6022.454037556056,6296.8474366431865
6260.886474085136,6272.942926881238,5988.740987412568,6192.665168151125,6498.41914615414,6304.896626643502,6014.412429668528,6300.568842668573
6248.862588750021,6263.889612414368,6028.155167840371,6187.926975454531,6485.7341904937975,6314.552319947601,6043.5124275969565,6295.947035190718
6239.108628187006,6263.756074658385,5991.780160585165,6179.511893902534,6504.513466501814,6305.908482485802,6015.965975238053,6275.698198029247
6234.584085683822,6268.656828033649,6012.934537969264,6199.629459688924,6496.934523099463,6312.097580174659,6036.919344597604,6300.419135045433
6252.896996098992,6275.329164103937,6013.268334806349,6184.826917680616,6529.567637604004,6324.95223595353,6032.025660841941,6301.353965007188
6245.0298662011,6261.754854756691,6017.212315107666,6192.174514256671,6498.849043931761,6322.623551858532,6034.624470225335,6288.652871108334
6238.784865457603,6252.842756106687,6009.066554080307,6201.038271938136,6506.449397661917,6315.360538255974,6021.390090152138,6304.477805209632
6235.016140608965,6249.673464283409,6008.872626440873,6183.765310678021,6517.939121832547,6292.170896208131,6003.7351701862235,6291.272925928808
6241.883359954165,6240.908723999003,6019.404914832793,6194.614739954261,6519.465073766587,6316.984232399552,6005.915356187316,6303.564923607873
6270.963914155497,6282.222636749533,6021.106312431798,6214.998732912668,6517.894974083337,6364.4575233728565,6033.356770754256,6314.639678466004
6260.017714726124,6283.220464215762,6047.199974489325,6194.648574328659,6518.341998667413,6339.697068098203,6057.347638238044,6300.907103344794
6268.763009436314,6269.968866346736,6027.57593867659,6197.297726357852,6520.056222686354,6346.12312315016,6048.175489818985,6304.745655193622
6248.489515878515,6268.055132021054,6019.199457537876,6190.235711041086,6500.9903399929835,6313.565469353012,6043.478642512311,6304.391473576423
6252.559135898609,6263.887549492962,6022.6453935365535,6182.72602394659,6507.6826779832745,6326.874895506441,6028.33637678159,6292.793427674326
6234.813976154256,6256.166787853251,6008.456043258514,6202.592357194247,6511.486718045116,6330.55176700245,6023.5491155601885,6295.87954819515
6242.131502578487,6291.599543848593,6017.8111631392,6204.059818909504,6519.877773229693,6331.539076016141,6028.219861896394,6308.905561033408
6243.803004291375,6274.80336482181,6014.028963154959,6203.778468886857,6534.457745237604,6312.69506532456,6030.938360808394,6308.857791051087
6244.130119995419,6269.485800164837,5998.254447863498,6203.722203359114,6519.663959227076,6315.337001914383,6015.074613107697,6315.912408396751
6228.084121101314,6252.790651441095,5998.427414482687,6201.863942384861,6515.334287737658,6333.620362738197,5999.090812253124,6313.2879602661105
6250.755285649922,6274.796206394886,5973.9261581757955,6194.6416555075575,6531.588827431729,6316.821924732009,6001.124781170299,6306.436292925823
6236.126182411052,6259.05763579002,6006.1289111634205,6209.256470777811,6539.722199092567,6339.471009361446,6033.50296867954,6317.666753156741
6249.850030593995,6262.994300305172,6008.372602452777,6194.204880919734,6526.5147367602885,6315.613969562393,6025.036138219539,6309.1928394884635
6244.282687343186,6254.607394064112,5998.484835773587,6208.997581344295,6530.678497895156,6311.6859396964355,6023.54224071523,6307.432812725133
6232.343200239933,6257.08731117346,6001.280405221374,6183.759918226731,6523.171851343144,6299.056755677393,6019.85101173444,6295.538297864107
6221.436779747094,6268.651444738473,5991.050419294695,6190.119853451211,6517.315764265145,6313.824881526235,6012.078713226042,6308.271902318493
6234.023561613855,6259.0349881534785,5980.465685823885,6190.903974183622,6526.7789187866465,6323.80521405006,6003.395554271146,6305.77501841294
6213.063747835359,6254.138313481665,6006.226129247469,6168.780719991695,6526.90914414563,6290.466564451914,6029.411007814895,6305.76748696071
6225.941923345054,6246.767029569976,5999.597718453995,6186.2699171161885,6516.874408363073,6314.828437119548,6011.5852681274255,6314.880859678072
6242.4622217001415,6267.222580119858,5985.413463173692,6189.160692557732,6536.131026244751,6319.523832843736,6027.391049114046,6314.065378337484
6237.28573578078,6291.9735594599515,6015.001035294949,6197.800138424321,6528.560803308891,6319.10456805228,6030.9641324728145,6314.982856031399
6239.400345646085,6276.367235160476,5992.853166879997,6190.359392423272,6532.010925758792,6335.683344784424,6010.680539108801,6317.264472557644
6226.950811870509,6255.599017722416,6010.97020898223,6164.7897166088105,6495.344219289109,6326.056411274499,6009.950895322935,6308.5108172021655
6199.5386364897495,6225.302735823515,5958.302570856598,6180.900486561493,6526.379210665177,6295.669382850111,5974.418601214895,6286.394175211291
6204.735580750295,6232.69922308982,5963.158051558525,6177.992342080788,6499.24865004279,6295.885734889948,5993.653779788683,6305.055796980162
6229.2620519422235,6254.773536434559,6002.560341744909,6202.208871072703,6547.225869618113,6323.126823469268,6020.971281748172,6312.674636253385
6232.000012330342,6256.305199093948,6004.024784910552,6196.390773872543,6529.433372497037,6306.344998450515,6024.889495923042,6317.774413568015
6243.723120792057,6272.091743519784,6017.274669531768,6197.855478071735,6523.501116673891,6330.983914645865,6026.35129698317,6345.217012486785
6247.1796837529455,6275.44828698291,6026.155569910226,6178.558104717103,6517.804854550254,6329.827613793314,6024.572410005274,6332.570575200078
6247.842877389026,6258.301763121356,6007.5148063957795,6190.135427607498,6524.845008210241,6321.210219317268,6022.343705946264,6326.21267202607
6246.126404108992,6280.6436319631575,5998.04314115889,6203.378675063452,6514.826858731231,6322.703209856576,6032.203998803634,6327.857009510906
6273.71639036259,6294.97069651315,5996.930647291642,6188.426797347932,6540.608791303379,6333.569384693123,6051.383336908436,6313.276666022027
6269.339447474713,6288.795692650269,6009.167142449223,6202.172576254703,6536.689280294884,6348.489141946579,6045.894949806358,6314.833341824112
6258.81966060823,6288.98022930652,6026.842433568782,6181.855931583187,6515.734259639158,6338.7630371401165,6055.364543011786,6323.086879810248
6241.288022959207,6271.179829575739,5982.603328945622,6167.529601398273,6532.646505035133,6309.576692789675,6015.967469561131,6301.112609020614
6232.994137377136,6278.791611927688,5998.6192261764545,6201.858836842549,6529.898079678004,6320.362396300932,6025.185632472285,6334.530609755779
6246.076292304072,6282.847292925459,5981.401449822223,6173.910578121351,6541.014278298755,6341.42648254845,6013.877605026654,6323.029090824797
6238.953339023323,6286.176507049331,6005.934908643322,6207.682223648202,6521.785749608808,6328.561481374887,6028.478539832415,6342.095522890008
6257.87458148476,6294.546104869251,5997.514995879148,6189.146736522127,6533.242878932271,6315.08788365197,6031.014163046099,6329.272305869605
6254.2383627527015,6283.273843240955,6010.77116512574,6192.712360292766,6514.756238699299,6324.785029237306,6026.55033099121,6323.028131724284
6260.255098157386,6274.145246146446,5984.040047170323,6186.73675636601,6524.48526701891,6321.816093752646,6027.166205478149,6297.908388147839
6263.1549821998115,6266.830539726516,6006.060788767796,6185.153413560141,6514.5116764719205,6326.266598764638,6035.630338604017,6317.64005477492
6244.455172242368,6268.098971965475,5980.33560195668,6175.215393916449,6543.6609633099715,6336.368202573035,6009.256997004911,6301.889662999233
6244.480439301132,6276.608724621956,5984.386167432361,6185.386871558877,6512.852899142268,6302.991667406959,6026.631701038553,6301.697864205041
6239.273713840795,6258.13046708781,6005.760955129646,6178.336637251014,6510.045022409441,6310.809258662761,6021.138591840762,6316.0975427988915
6256.078946011063,6279.588692889268,5989.302364468653,6187.720636171761,6507.995509446294,6318.381246182674,6029.655581543441,6306.740469157176
6255.8026131066335,6284.7958377255245,6013.9722687028325,6187.195154386229,6521.700210049042,6323.656348713564,6033.377412396971,6319.0794199576185
6254.2567035053235,6295.668988032749,6006.306804036312,6180.412896715937,6522.022556250722,6344.244786933547,6037.748786363772,6318.695326721263
6255.936806012779,6307.137783070983,5987.434089092248,6183.235122141541,6520.398343715691,6340.039658179594,6022.518824937671,6336.726909071938
6226.388674916405,6272.1527175837255,5991.226689640175,6174.279033366681,6515.411943100282,6329.747905660859,6009.721802855472,6336.060879273888
6229.64719323553,6257.412366634659,5985.588057917804,6159.272162735273,6513.72145899539,6313.673399642713,5999.721143323401,6327.174186933423
6226.226961805335,6256.729194907106,5973.766369974507,6198.0212596253195,6526.856398736586,6334.75960931479,5999.236527191358,6328.25342644391
6247.693201172945,6279.407404374497,5999.597401843637,6183.939618747153,6530.919814639832,6336.890993902566,6026.518311693065,6331.934932878131
6252.675431444109,6283.210251935181,5992.36078245637,6199.190460554915,6541.654726799258,6333.164020038519,6024.204722203968,6338.338253523234
6264.718832834993,6296.859932719185,6007.565496792854,6178.6246026060635,6514.989183842766,6334.384340129538,6037.226902393203,6320.623710120792
6253.158213375873,6280.282087942256,5989.047249114987,6181.6719478781415,6520.519134285069,6334.780235208005,6007.876746638365,6319.058354190166
6254.249183442135,6285.4399397066845,5973.07200309268,6178.665996941572,6519.501058041936,6319.005271559575,6013.740927878192,6316.228209385165
6236.922892928031,6266.032080995393,6010.161998799266,6190.819459435194,6522.669948905754,6313.877536750064,6024.913021031158,6325.437630519041
6254.6499236582085,6274.653161547599,5995.049150073667,6187.751041059136,6530.478576373353,6319.523441304869,6021.766265852377,6323.838332333634
6250.4492457512015,6290.154796058718,6020.804445440704,6201.499363070249,6505.659305001633,6341.8165185088765,6036.439861247314,6334.973358744858
6228.964250384003,6266.927745144806,5986.749105529093,6179.02440263425,6522.779622954319,6326.786872122651,6020.192482426877,6316.778562899863
6238.906051631675,6271.465719837413,5980.48371201366,6169.077127423538,6513.868396797612,6314.937165591924,6033.515056918564,6316.872752935757
6228.82516079092,6266.684069875853,5984.063852973014,6155.214711884187,6523.685783811149,6336.045714105621,6029.2840191015675,6318.533221056523
6238.701390842819,6284.796775394305,5978.169002428944,6174.487390146566,6531.630649858315,6330.412832179513,6023.006966249591,6317.783867071165
6246.128091357234,6292.987880611969,6005.667370424937,6193.23509242925,6532.677322778168,6322.150390003945,6029.28178807546,6337.118003865669
6250.34235129221,6273.568706495393,5995.397927744353,6197.317980601806,6533.18988388881,6334.737870606956,6015.471140526742,6327.937393616856
6278.7767391713,6304.95489456769,6015.983858406324,6196.641902146017,6517.732205220591,6342.07802222621,6046.915936476042,6326.3181619625675
6270.604467156305,6296.83176520784,6012.22170349561,6205.012545940006,6521.91276302511,6335.022265580332,6022.160038513553,6337.23977008028
6258.922164564107,6276.025236417577,5974.585108539921,6200.142807877293,6524.841250942272,6340.367420905588,6007.162519507445,6315.521103294946
6256.418408559099,6287.442175649302,5994.305003126127,6203.36816205697,6521.981704370058,6319.060916333059,6025.671351945016,6313.369524320969
6251.892895963148,6278.550677154579,5981.155187898675,6194.849850709249,6544.823757903645,6344.457736409139,6013.121261688677,6310.955680271553
6256.377309566016,6282.762666725772,6000.8230657832655,6187.418880992438,6517.095706367225,6326.735282822742,6024.311386886456,6313.418285503666
6228.53406021495,6258.416355956596,5978.363007258469,6196.404315378938,6520.818424465928,6313.294301090014,5998.749730387072,6311.2197687507005
6241.6966658670935,6283.863395728722,5991.825355648316,6174.500281591518,6522.71971450653,6307.252559048243,6034.664477838104,6314.2585961909235
6263.129186975871,6296.610946838079,6001.772855993117,6202.768967299283,6527.068600745322,6337.32706275429,6020.247490123017,6331.242332745256
6265.816066876342,6288.236246256825,6016.041858813254,6193.896706383118,6525.348299424043,6329.557920241583,6042.988482992812,6329.615765441082
6260.322377039632,6284.744560877519,6006.045514473773,6191.835403654621,6529.318055389333,6332.229766229382,6033.718629222049,6302.256879151247
6240.970634151925,6264.761301139479,5990.782120519195,6189.2684889783095,6513.143830453701,6313.148326195658,6036.881777322018,6323.811813132942
6233.844391281493,6265.238953449949,6005.869406010593,6169.5186422446395,6525.576697907246,6321.587200469254,6020.567509484513,6329.410892372972
6234.618793810618,6270.197503105685,5992.974664850271,6193.4342796461515,6518.260946976615,6322.061568542651,6033.4215084064635,6333.282553110488
6243.052588454732,6280.131298351184,6008.74022796635,6176.9306828645,6530.495133854074,6325.199164357165,6033.352915628952,6323.408822331496
6230.457302471098,6256.274038026889,6019.640351994511,6178.04141374951,6504.0326194934605,6319.045096024167,6024.131526507588,6316.232685039244
6260.887280062848,6283.284239578145,6022.049037256093,6188.687750438059,6525.05655565057,6343.246056858188,6037.862673838417,6329.170189083437
6241.730460534499,6257.025727906465,5999.187808486323,6182.544894196835,6538.2412155382235,6326.94383224144,6021.333074157912,6331.56369537529
6239.125238261221,6283.037649767522,5989.077960949964,6166.817796796382,6516.2663164750375,6328.9676656408665,6036.991380093817,6338.931272568789
6204.916652162796,6257.443770855176,5977.332893760578,6174.818244835659,6552.691385839642,6318.488146653433,5996.84512793536,6342.862383360447
6233.808768334332,6280.300562190051,5983.057065579991,6186.100766421348,6511.44615397272,6305.963302777988,6008.64789532118,6355.628063142311
6249.461175840261,6277.32292981331,6019.034354573363,6193.47120375134,6536.178639098439,6328.546014819948,6010.1248593568425,6342.540199747187
6253.281533468253,6290.091130807682,5992.96828830216,6184.701611540692,6545.085317874027,6344.981007888608,6010.89518270964,6325.3731138753155
6237.558314256501,6297.838883784341,6018.473586639932,6195.759344507497,6527.885116884012,6350.228008814331,6041.462919341976,6342.45181918239
6250.54399944724,6287.45194512881,5971.205231992571,6180.587547285351,6560.438792900328,6331.27715347662,6018.431786539984,6333.230844257978
6244.023926121275,6291.727707941321,5976.135331192179,6198.643296951608,6511.226018087196,6321.885884487375,6020.99635269555,6345.909627875745
6226.655742691889,6275.014193823328,5989.1455023171775,6177.889149805538,6535.518438119124,6317.755012879177,6032.602467120264,6323.406129697098
6227.022583063211,6274.010053780128,5965.7553481083805,6173.220928723167,6532.269558091158,6309.772219555154,6009.836927993866,6317.660904983974
6246.539510695964,6286.18583222812,5976.144541103003,6185.626030219291,6535.056953246405,6335.295006751165,6007.432936970148,6330.589808570961
6240.974941102314,6291.452333770196,5984.971145407882,6186.811284582086,6522.568477737833,6313.739664166631,5999.034434487389,6324.783414109963
6259.240034236805,6304.015764866513,5980.326552181737,6191.296429636481,6533.032202802415,6323.42931418689,6013.608316989419,6337.754926733754
6249.3125719602895,6281.079132027001,5984.672928137658,6195.3015955262135,6534.1185996768,6328.768023878718,6015.838209710533,6316.767639623173
6249.909540840098,6283.778010592376,5983.782519402817,6196.5301097195,6508.593898310458,6310.709602424303,6012.657711914382,6315.860379681016
6245.106491782249,6280.800168646912,5982.75077296209,6196.4980039522825,6529.404040253599,6335.449042555038,6012.056652667741,6298.336173111682
6245.119373682117,6297.3225277076635,5973.68031046238,6178.269746406623,6508.5175948634915,6304.811242199221,6021.7948918351185,6309.253950117883
6240.139197926757,6281.208631649947,5990.750090410392,6189.7728876962465,6533.857243260648,6325.2358510841395,6016.2995283955215,6332.749332570413
6263.310146201988,6291.93592598382,5979.413711032467,6199.340013254764,6542.423049298183,6334.229046601188,6034.22523042367,6321.820444366282
6256.455139264541,6297.863124113738,6002.5898385031915,6208.511072857188,6544.442857691494,6331.388656362792,6018.474612610712,6351.354851554611
6279.497291178001,6315.522188753385,6003.764505549848,6200.8392828670685,6535.965251924206,6340.445123689738,6042.177947492935,6318.328269903584
6263.956782445273,6296.03799563086,5996.2168901488485,6203.939100116766,6522.5541310549515,6338.916052386939,6006.819615657889,6330.804711739467
6264.1972925333785,6281.809784860077,5988.330514708579,6195.2736197113145,6535.5804107787535,6330.69468956718,6013.885762210078,6322.6184880711235
6257.5402554072825,6281.434330089228,6012.454164678885,6192.648671265505,6526.6567920442885,6333.993691699259,6017.989917584423,6332.685034404313
6261.425706084352,6288.486909175311,5995.148381225102,6199.644385191353,6531.08960059141,6323.381961165829,6015.105534782825,6328.85361819027
6262.177035898485,6290.800923903467,6007.223734137328,6197.779410080761,6528.753179789077,6345.200701380917,6024.542134631444,6328.166538640834
6264.9666431520745,6303.795758865492,5987.181201623108,6188.328176293948,6527.811816737222,6335.562070310621,6011.541537935457,6340.486358454424
6250.481281693364,6296.476645590379,6016.257693142814,6181.148024949032,6517.647148124704,6328.233421649809,6029.764297123041,6329.409762256948
6249.3849524455845,6285.210643102648,5981.975218155942,6186.191328068693,6549.666382689217,6341.727911885308,6006.534180756144,6312.214289982373
6270.828647270014,6302.766122853777,6002.261715826495,6196.481556740597,6530.033286925293,6350.021955911537,6027.012930663547,6319.189251639786
6258.208377110214,6297.016400350918,5995.450862820062,6198.695206711321,6542.051338690025,6333.255848095643,6022.5315524132975,6329.886920618235
6246.682710050007,6283.491204210197,5992.670284806738,6189.348573621598,6529.049149244824,6316.962597566096,6028.139656506161,6323.635228691567
6231.940994665705,6271.013057017203,6009.49112114875,6189.237074840445,6526.00280885527,6315.614289386303,6012.935803309056,6347.408783330747
6220.8108634622995,6250.447600546647,5972.871204942202,6166.776254794607,6519.402903025429,6294.288047807626,5997.152208301313,6322.778619566479
6235.430975631814,6277.843012332622,5987.398444908176,6185.220774811114,6505.9342058077345,6295.097834793241,6011.230967820022,6350.742103025605
6258.13135668605,6294.323611574853,5988.648017107177,6189.896032958604,6533.333268269223,6321.927758288169,6008.45551382827,6336.639145624994
6253.6903626494595,6292.302839596149,5996.5264681417475,6202.027072443061,6531.575958704191,6321.904588272488,6020.272709436141,6349.247514972806
6258.445461109472,6290.131916621183,6028.003415523741,6175.852540094357,6525.57688307919,6351.118741464444,6047.115684456529,6341.672513386259
6257.585249875247,6276.014555767884,5989.892804187229,6182.181805218496,6540.381749299297,6323.9718896195955,6014.1405901848,6319.346776808799
6259.3449124261615,6290.17011800848,5990.611853105172,6185.978845029834,6527.369067204201,6321.355208440889,6017.7374597403805,6328.199279204475
6245.696501130185,6267.884710629323,5977.527242400233,6191.658189756904,6534.342878354921,6318.3158113717955,5994.579516096801,6334.9722770114795
6240.203091095045,6264.99044211664,5970.627975657525,6179.251735168746,6528.565176372696,6313.859184294191,5996.323079368597,6332.100217529295
6235.679707811471,6267.594016393967,5997.25593475491,6191.072353193835,6521.661180160136,6301.024602499976,6006.204374520226,6341.412661238121
6234.3026230728265,6259.486849144687,5986.427713976962,6170.647798926724,6525.6261006286095,6317.658677171839,5991.1499807987375,6322.960471539366
6221.136428464118,6250.510625429435,6003.870162120987,6181.45269431251,6507.671625439673,6303.967446195609,6002.053955237709,6332.948367872325
6239.684595333129,6257.369206971431,5988.778629331038,6165.697121592645,6525.681299757763,6320.3453287411085,5994.6297050704325,6315.196870200662
6242.842636314104,6271.30613100794,6005.952538995807,6177.7222673979995,6512.067192283036,6302.944363396802,6013.744244157038,6328.882534014147
6237.296155415051,6281.033316144375,6002.47518806479,6186.895761501201,6529.067783224424,6318.692148316621,6014.009459190604,6328.153503611213
6247.411638164277,6268.080377037548,6005.954223884154,6194.824318405866,6517.927362008666,6317.315550349606,6017.351249697305,6317.677226923747
6264.551799924899,6288.320826989619,6009.8048360597,6203.430564974697,6541.901439849563,6333.399115414362,6026.250450933522,6342.646851809149
6263.109813003417,6289.215410986861,6028.40180915427,6203.7652310857675,6527.30589981561,6329.529575497841,6048.500649105486,6333.524231207205
6259.520149489846,6294.407724589767,6011.395941095253,6199.746243467997,6537.797636412692,6332.468897704404,6020.627747004971,6324.53909431828
6270.836201757218,6296.340591717099,5991.203527297988,6203.089615559723,6517.889051963903,6335.469135564512,6014.948733557001,6322.354584636267
6256.682404083975,6267.124491975324,6019.306070714629,6201.604967252184,6523.820585711778,6317.076494077271,6011.904706739107,6316.681435724107
6246.412187582064,6254.846971397119,5978.2903507797855,6179.291689546005,6527.847176499667,6314.840570076153,5995.093195228249,6304.236182229084
6243.2482463474635,6280.468648434481,5994.600144783144,6197.848901620813,6528.603596348584,6324.634652711119,6011.00158357901,6328.805358047258
6255.644125845127,6291.448836337797,5997.452573817462,6197.958111845317,6544.8118149258335,6342.880342885721,6026.320564989126,6318.386268262031
6267.043756942328,6329.084278629568,6005.858763463059,6203.235649944821,6536.935600212361,6348.029904868059,6047.377610649099,6335.543673633219
6263.472790284812,6298.454676736841,6008.501006579984,6198.573581204719,6545.488416335768,6334.094650890226,6047.25648403278,6324.401240703413
6265.487147076109,6297.855503875245,6005.540108765709,6196.9187811205,6514.82170800629,6334.986013841106,6014.516300946842,6324.047050391359
6263.846567742107,6299.68347873272,5981.20762290287,6200.123277286577,6537.074911810893,6349.28876451087,6026.24195782429,6322.249862514729
6259.577716308642,6291.324147608102,6007.486849049441,6183.079163840281,6548.981086950545,6338.632644652993,6019.448528950214,6317.290769474814
6248.934884387711,6301.890949762256,5992.946683016361,6206.78841527897,6545.794557962554,6344.6153760601155,6027.583167415278,6343.044839994185
6277.123949469511,6318.617083027874,6019.259643701881,6202.603188942544,6566.66649655556,6345.436601252746,6040.35287671948,6342.226801154258
6279.33146840521,6319.7914627256105,6008.0626724753565,6225.28511915466,6557.079032664344,6346.440597524895,6044.207594730264,6345.676286520262
6290.257549255055,6311.311668184347,6019.816752936934,6208.958976464948,6540.656426690833,6325.95235056345,6063.039515671758,6320.025810279633
6252.838216602495,6280.830861080998,5990.020747845149,6217.6772388367835,6543.38774333228,6318.122393848187,6035.423590201162,6325.581635958707
6266.414289604936,6285.674943762725,5990.063502375099,6200.139074477479,6531.885844587487,6328.751540789659,6033.030133224653,6312.81624083997
6250.993927757572,6280.917149309258,5996.156426357306,6201.922871430736,6526.153072265816,6325.449954749757,6027.362488439459,6313.964041057452
6261.793984898675,6295.784868910755,5973.537089614895,6193.490684045731,6531.825438972739,6313.184498175041,6030.795536225359,6309.05988117868
6252.385492982388,6277.315470107154,6025.7202721871945,6184.0717755147925,6520.794587849937,6329.5906600594635,6044.324364545968,6318.195636988255
6241.7912082817265,6284.004337316615,5994.475282958276,6178.765914985537,6527.452157259317,6316.503878067117,6011.94818198329,6307.949096116626
6241.894170602897,6303.56984739396,6005.459597616408,6182.653623553375,6520.96778086932,6303.756783339668,6015.51949430003,6321.816962277374
6239.586134240879,6271.254174778456,5985.188426159225,6183.864822229658,6545.934271087051,6330.4560395119215,5987.883326444367,6320.787165496362
6241.126420627757,6279.251554123052,6005.109884719025,6182.713828105335,6524.8978267908615,6305.889515828981,6010.290892527046,6336.163649780045
6226.389691012587,6255.630372768158,5994.397119634557,6194.8305497033825,6538.845127712924,6295.239052665666,6005.298929086488,6340.5194260603
6222.766743723327,6264.951603932175,5993.005006105953,6180.211529040284,6509.72816088507,6284.98515160658,6025.102459871706,6333.355521230306
6223.362127723793,6265.310077096659,6012.173804339335,6179.113820087184,6531.14654727582,6321.36508078059,6032.124429617531,6360.090445510996
6240.57107566734,6281.985108976144,6010.201571932056,6178.068454390051,6529.588244363608,6315.665921736666,6037.570871876763,6344.655846718449
6221.239185186764,6285.379022431071,5993.943018094847,6193.657761424293,6530.33621664672,6334.327789241524,6004.6922029209,6358.461627608902
6224.480702150203,6273.098513559615,5982.929506890499,6186.89420099194,6509.954620288527,6298.26849901269,6010.955883074393,6347.743164784149
6222.749379636398,6274.528883645371,6002.259449416506,6187.084252760344,6526.375320499067,6316.713435981336,6038.797050043339,6358.144291352612
6252.421463483801,6303.494760184495,5986.823418045174,6186.0954025766905,6525.160828171963,6332.668161240045,6040.560662201443,6328.320071778842
6278.430689025128,6318.18295143108,6023.876632300052,6220.615181706634,6539.85905889791,6361.270069900685,6049.415086453413,6351.085972712256
6281.546943071588,6324.546789683329,6015.682131042594,6197.713851026748,6547.782884824666,6335.998144647827,6052.69368558937,6319.587177016305
6278.979783456124,6299.399969324886,6011.581974350888,6197.0784831338715,6517.4173504444725,6343.148312854346,6035.487729031936,6326.481334480236
6273.25721298194,6292.027684936136,5990.007029040308,6192.2934648113405,6512.581987216089,6321.281657756643,6039.450109308601,6313.942791360364
6261.3882899376595,6279.643214230498,5991.847809105904,6198.242447347095,6520.933671530534,6327.305449184506,6023.883448086284,6317.938041257295
6261.369359786927,6288.316938330797,5993.9771176125605,6206.654756899684,6539.818472608474,6329.49225110224,6039.0551802015725,6309.65261305275
6250.776806653203,6277.1202017962405,5985.620207853832,6200.407561344546,6536.051110058684,6326.511625052469,6029.476291249336,6313.446724101974
6247.855478761833,6279.723816196151,5983.525265378362,6209.292359270656,6527.270276331615,6309.096391240484,6031.520578407843,6324.111621326304
6250.331849596183,6284.650945818883,5997.729616471054,6200.351340960128,6530.501271600468,6333.296134920228,6027.999292110639,6332.461129225032
6249.443871027287,6285.75421448793,5993.0054833764825,6218.343273460851,6520.660307355835,6337.633528808365,6016.94469792346,6312.623077823973
6258.079938324876,6297.1251398704235,6026.281901253613,6204.415841369575,6534.702784701092,6318.226526919007,6041.197071064676,6322.990732741521
6267.576502465613,6297.577542811052,5995.920867116017,6195.834622854597,6534.399760767002,6338.025675219266,6035.836775362422,6316.671707589743
6282.176710298775,6308.923074626507,6029.513705631498,6192.723290968166,6533.330507312239,6344.337943484407,6057.8237106400275,6307.9960127420745
6283.288455586229,6300.101594259809,6006.411939879975,6182.398494471321,6555.080452405067,6353.71266970281,6045.162462265227,6326.819256326398
6284.280455134296,6337.4953060170465,6033.824214036036,6204.56907374144,6529.2743838114475,6366.447471015146,6062.112382346192,6341.864104461471
6283.908725495589,6319.165570704553,6007.984253693788,6209.383739291099,6547.184579636841,6364.315817907299,6039.593078231012,6321.69251371479
6271.6960103722195,6304.310824894095,5993.400839003866,6196.505569994443,6520.831615397041,6327.776778379276,6038.500881257235,6318.643799119392
6268.896347656521,6296.743281883728,5996.273846525634,6189.3605886658215,6534.555881125086,6323.795412667801,6036.947772924186,6331.456594972719
6272.656850999619,6301.411086413567,6007.892765186456,6199.617975427079,6523.194657251519,6350.735561504561,6044.065891377328,6332.327559827819
6270.777615596748,6309.325750799485,6013.147387473639,6213.734231259436,6541.304855008124,6363.557353442823,6050.105536135036,6334.09975828562
6272.176572029047,6304.813672045709,6039.733637327744,6197.9672118945555,6507.265615167774,6332.722305211586,6063.695704296592,6328.10322180161
6261.684695793592,6302.098792488159,6025.715034618339,6197.541535742961,6539.21773061694,6350.265100423358,6039.550903360133,6324.377527374663
6252.103538724785,6284.244719451471,6008.923149447622,6161.412673476894,6519.028143532466,6337.556234266111,6051.08858795741,6311.214537989654
6243.408685314956,6266.5146361865545,5996.979127743209,6170.800804736989,6524.930790666477,6323.517093910154,6012.602953934407,6316.93844975063
6244.591319639332,6294.140716080413,5985.4657510080015,6177.023885368727,6535.049923629485,6308.496341853293,6011.42249693403,6326.088122331984
6253.127821918852,6293.900801906864,5998.955014437057,6212.335123479183,6557.616054041906,6330.633604675617,6026.046061001124,6336.575594737141
6265.099971125069,6304.52330672702,6011.7564923653845,6207.796456968776,6529.633525389819,6328.315881272556,6029.603312171493,6330.961068719571
6254.246462544691,6290.136365909336,6007.50533720078,6190.14763336893,6532.271799793282,6319.4972653525465,6042.600270830919,6336.559956244289
6244.661045853114,6293.973078350201,5975.958623047932,6184.0781356717525,6534.773569177427,6333.03001193612,6023.404876079005,6321.155213439956
6264.659133626595,6305.875777497846,6005.000385048526,6204.279934188532,6541.390540369007,6358.640373079509,6034.610659593106,6326.733031621405
6270.129472510442,6313.276997652826,6007.090136427635,6206.75782280255,6548.293861505046,6352.0572566822875,6045.9392076650565,6310.03907073712
6278.620232072184,6308.488027872415,6030.817097181987,6212.41783758415,6532.703228323643,6346.252149801773,6060.3191411362795,6335.54290294869
6264.653202105266,6287.527258300827,6006.912774578044,6179.529193819277,6519.567858980079,6343.400968175972,6028.84331294578,6323.343604926379
6265.921154009601,6303.870078080354,6003.742319893083,6193.99503938203,6518.9545779814025,6318.1249211929235,6018.7944319202115,6324.267755008583
6264.442397456653,6271.046067424246,6012.625567144589,6194.423236715566,6523.082879051798,6343.630794130312,6021.620366601949,6304.705577376824
6278.881822120801,6309.514487928996,6002.935137370059,6200.397555431908,6527.984540270088,6334.169555742837,6029.176950142988,6318.707125025692
6282.571441869141,6310.157308774672,6021.6551481913175,6197.043836466122,6538.797155887171,6339.048104427849,6038.802517649451,6323.205051779489
6285.003090313272,6316.664737382946,6001.054600419068,6205.896519106521,6534.459880766744,6330.4724547112,6039.021067251125,6339.267760287414
6286.904137537501,6301.1125478361055,6026.755650133588,6196.185746308603,6549.899651462735,6336.282067359603,6051.103234841684,6300.591882211704
6243.74905593883,6269.1395823948915,6004.688614473188,6179.92016822231,6536.762992655023,6342.669045241732,6036.732808079402,6302.183784742672
6259.272066937116,6291.413848872457,6010.0499222160815,6191.243336562921,6528.394868131649,6327.494148297355,6036.600439628213,6304.778669700553
6245.502876398745,6285.340804251113,5987.780429243086,6193.074470167906,6536.264889366973,6350.498586858755,6027.6227491812415,6326.195611279424
6255.239358183612,6289.591073060682,5980.690834552868,6192.754891214182,6526.974325763492,6331.596109177247,6025.819226755137,6329.681654867454
6250.310562702539,6301.8879624949595,5996.024799518635,6208.830529264264,6551.766805604098,6328.61145574766,6017.7166594043265,6348.785949555118
6282.905065001252,6332.450465816843,5996.1731612098965,6218.97455833071,6554.3749726992655,6342.242876254669,6027.832990161696,6346.87407496814
6245.180231860332,6300.437643455486,5999.762577979229,6208.109505274601,6549.44181618681,6339.6693358699895,6014.060166163397,6338.1571132616855
6267.042977451353,6303.6519625523715,5970.865323988491,6212.109876343474,6533.017843693882,6334.115743547368,6009.855342588326,6337.697053788725
6257.333466389425,6293.391799020659,6023.610612829543,6201.05318258093,6534.592637544105,6347.63109338552,6035.539332585405,6329.734012299591
6259.674552210938,6287.259394080871,5978.699288488885,6170.287741401629,6529.322956864946,6343.044504347667,6014.757567060051,6307.288677504904
6271.751263650721,6303.455671671629,6013.9808415422085,6210.145872225598,6533.478271287214,6341.643460522933,6035.098463862527,6337.532520186508
6269.3212965906405,6302.149598244063,5994.632532834169,6193.2924610082055,6547.693292003663,6355.907967463861,6035.409965442682,6321.178254155731
6275.707191824988,6309.113737856669,5993.44923839973,6202.098480446836,6534.650345761837,6357.433024670894,6037.140681066678,6327.814145513531
6258.9585106012755,6289.737130475383,6002.961662052853,6184.449938390072,6542.6195943272705,6339.147607718924,6032.073005213025,6314.277766034251
6269.8806047175685,6304.994394182495,5996.722531768038,6200.54422513492,6523.620696621242,6342.442010001677,6041.619878123657,6326.233051621649
6273.610590582117,6289.995130498767,6006.691612591073,6195.208992095712,6542.87920794676,6350.008340078013,6042.453778252548,6317.594460429242
6260.611530912528,6280.495839363548,5993.297702752837,6181.71394620886,6528.8685194517275,6328.240002167025,6033.291481398006,6305.469527258994
6262.285589547735,6301.633965302411,6003.420511761223,6194.4011386128805,6512.442366303842,6335.8831698969325,6042.533749352947,6313.074817084279
6243.872154984541,6278.584016812467,5994.350478913153,6182.405547702821,6530.9193747632735,6317.894653813832,6027.316584104943,6316.765151534895
6264.84201658136,6294.284012421862,5999.605094413325,6185.760227337278,6519.163621047538,6347.149129463145,6042.945654110205,6334.051920030935
6271.173544000182,6308.986599907139,6008.797920134343,6193.9732783526315,6532.1410300817015,6336.05644439628,6048.245409219729,6332.056291574691
6283.032530450144,6312.971576614913,6012.327757871402,6195.982878727382,6552.412839972353,6357.742965106326,6067.597023864632,6335.547553244626
6298.459911411658,6328.842289859008,6018.674006860661,6211.014746402705,6548.318825957876,6375.889647110078,6056.497989364147,6318.726289021815
6306.291253731482,6329.921132782008,6008.942047071637,6216.935984758796,6553.049488443642,6366.393506314104,6051.363146956548,6323.359481260258
6275.061185115188,6310.754113374118,6008.1708851775975,6210.413139943797,6542.078617714512,6348.1125807371745,6046.654526490359,6307.997718997575
6250.552284681482,6285.981231975869,5983.694834029502,6200.387471697894,6538.275366256793,6335.35855346123,6019.382787069885,6324.685277432667
6276.189541531484,6305.968665639361,5998.5437867320525,6225.907261119282,6523.853936944545,6353.453210345014,6023.7149327199995,6341.762081747887
6271.623410839715,6291.266665767924,6011.455397018013,6221.926603614172,6543.170619701617,6359.255747630473,6044.510514134115,6344.039599794274
6282.20767932532,6325.975706047397,5990.550646531979,6215.60008105584,6552.535161263147,6363.434308628556,6046.064803163727,6359.069432641152
6291.6889196557295,6326.421712906572,6005.348001063201,6209.274822004679,6538.208392239955,6349.527346578845,6051.545054730042,6352.098603258257
6267.925843926005,6297.65482821404,5961.97088919814,6179.728435131389,6530.154701537815,6355.372441084788,6022.227299822607,6326.378528923967
6275.6502230100195,6305.798594490249,5998.203052798011,6195.356235861136,6523.035681101974,6339.841511123259,6032.951088936092,6319.1646086470455
6263.704308212945,6287.684358211037,5962.08023318388,6181.116229349809,6540.535106137636,6324.954991731863,5994.798128163302,6314.05044015225
6279.093865531513,6296.608385205399,5983.854205691286,6178.786754136157,6524.4725833011125,6337.355458507534,6015.37907188904,6312.595954347252
6258.2721804337125,6275.862915787587,5981.4840443589255,6179.644678727758,6521.006677662407,6330.44667049105,5998.756893524794,6308.479593718711
6269.062830237,6299.872415432574,6004.245953853352,6200.410491152739,6529.075557146299,6356.421618921035,6016.379271025565,6319.3571967468815
6267.82270344937,6295.936454641993,6007.230129134355,6203.5546156431565,6533.1667685111515,6339.016319564843,6026.23346794905,6328.325362511191
6280.513862042379,6303.681352442455,6013.445443758897,6211.358824449615,6544.72628686731,6351.921094846849,6038.997081253978,6327.629691498991
6279.84212222603,6303.985084824477,5999.558689514179,6210.2326015809185,6545.767700694375,6334.211759623979,6042.833593854231,6327.423537619624
6263.031097112421,6306.589730229429,5982.968870363065,6221.948027507954,6540.12903227434,6345.454501591838,6026.0989255452405,6361.749397731149
6269.497404828629,6314.246870518392,5982.519002965051,6214.625518718151,6538.359578343879,6353.953181614626,6034.562825342849,6356.467179231891
6275.869653001643,6327.048286920759,5992.853308049052,6212.944205192587,6537.163674861665,6357.060779136026,6027.475752369319,6353.71020596995
6281.876220751372,6327.980655055472,6010.774700097173,6229.10089510406,6545.616635046427,6367.903955525165,6039.481337326821,6365.284734001647
6297.123622378068,6346.36905954735,6007.352962059187,6229.242030621185,6544.919123784919,6363.445442167789,6035.259783029927,6361.048907562726
6285.716176584224,6340.098274241238,6011.580044970974,6219.891279554854,6546.14192679999,6354.566222168337,6049.657547983585,6359.442050714984
6287.986841760482,6320.615723449955,5997.687405189859,6214.179661233531,6520.436019679922,6347.897929890542,6037.675984617527,6333.929973136514
6254.97128732968,6311.321014248986,5989.668238626855,6196.214488102786,6546.151948035414,6363.023457655537,6039.69917052246,6336.690183156556
6238.8361213939825,6284.700800000201,5984.964910308831,6178.739907220835,6532.801563315733,6327.310590908087,6025.482161197141,6316.475636108497
6265.881175120311,6296.023238322712,5998.21740468705,6210.533496217263,6529.265451139882,6350.369650840577,6011.983486521214,6343.173084121424
6287.860754533744,6329.052275651947,6027.964361436786,6218.229658300045,6530.338822539181,6353.647784603128,6048.955720934211,6332.402849323959
6277.0685619684145,6308.587782126907,6032.714593615343,6221.673291815371,6538.760695241005,6347.170035920514,6047.300704051629,6342.291088522038
6291.084233114399,6329.262578796791,6000.901878936272,6212.321933205621,6528.283108185511,6373.320553650659,6068.815722612875,6320.064076851723
6275.288010692388,6305.166406816164,6030.197246909232,6205.173799406202,6533.677734719946,6359.870413637946,6053.813158982789,6319.112424891185
6278.443559243902,6292.117254589094,6002.581750560663,6181.695544553325,6514.604267962556,6345.650148874481,6043.801792353113,6304.803021593484
6268.396219478221,6298.2711749673135,6015.7839909439535,6202.473294241254,6534.745419775107,6339.836175907782,6035.966204688195,6315.812266173806
6267.359840888765,6301.630736095252,5987.923003600722,6204.39583731063,6535.410532918457,6356.109434117097,6028.0666209633155,6306.203576779411
6268.678041945445,6293.304230379883,6006.778597941907,6190.201834543948,6519.487431930341,6340.599514077577,6030.257865713672,6302.572700396668
6262.507553033226,6282.9914900731055,5975.255012511879,6185.740579118309,6526.8647475182715,6335.853055868252,6008.251762926285,6305.980809449931
6268.950853971818,6300.534595808554,5995.432232265902,6172.764216816464,6528.045444337484,6357.9429337244665,6036.993675927834,6291.550364065467
6266.643060605092,6297.098741771753,6010.495220241206,6195.2881139081355,6535.442152679186,6343.617691288267,6029.177942030215,6327.371194165877
6288.966345616394,6333.351743331214,6022.728666499185,6219.8798169660095,6529.58436923098,6376.453964119792,6042.327524384688,6332.885417881702
6286.146590706318,6320.440940745299,6026.4518841893605,6215.301363049817,6562.204762593259,6364.294741502108,6053.098408644205,6341.513173425824
6284.964179985521,6328.322758588249,5998.225189369352,6210.439851440439,6547.726080961796,6347.449916153738,6040.240347846908,6341.654497460781
6246.05179068006,6300.055976275508,6000.434663321281,6199.971239649701,6540.366356448497,6316.251008435876,6018.542131859023,6326.030685079489
6247.484197246493,6294.859634620353,5971.8398115097625,6183.6764320491575,6538.381970854259,6327.0458421085,6006.643357344007,6327.892622922634
6255.129439625478,6296.476001976041,5996.013616825901,6204.652886417374,6538.9981250756655,6323.863430095536,6011.316081268453,6325.484565811621
6258.950029764923,6286.039781674723,5984.950844094239,6192.759880324742,6544.301873614522,6354.997313666361,6017.087717147202,6329.087319891428
6270.834583599493,6311.935671561322,6006.044453461777,6211.270184178885,6535.047229586933,6341.5735458815725,6018.207313033533,6342.793863347064
6270.635219621353,6305.929555141209,5994.378462926619,6214.5002273344835,6532.435982018422,6342.271717576853,6027.444329807763,6337.3654815611235
6266.719955716875,6297.105595738338,5998.5471385506435,6215.722364077275,6528.660609682947,6340.772416049937,6013.115054346272,6349.1401258119595
6272.729935670508,6300.981185976042,6000.621725081842,6224.319809487816,6558.391181387617,6360.663199266807,6027.566118443008,6354.9901439183905
6283.2427216739225,6322.421800073765,6005.746933865047,6228.494470193115,6556.171666582778,6354.282202601251,6035.555697923355,6369.716054963821
6291.414292854749,6331.94274940242,5998.240205399863,6241.140375723404,6567.56816659298,6374.447892803195,6032.819380441802,6383.456564562199
6287.02535294089,6324.191294393652,6012.501014640832,6209.095090800743,6550.979172162901,6365.482714663011,6061.829977305616,6348.419135349686
6258.109895410236,6302.121533810403,6000.063770936565,6183.168019111485,6540.73248402524,6337.131657717664,6027.884346693483,6322.978592029743
6245.332182317623,6287.322523448516,5981.799686544163,6170.700493813714,6526.031442726769,6342.084315592787,6007.204844096429,6310.596859819828
6240.229349278052,6294.271621597992,6005.743723413444,6190.0781917926715,6544.552732544252,6340.846641294892,6022.660802355809,6324.326076258421
6267.029369663655,6309.694203439145,5990.247577694576,6195.9158256764995,6532.9221212009625,6342.430977741925,6015.809166386244,6327.219113208996
6282.266304338005,6318.488670340243,6022.05559073339,6222.740621801246,6540.2813496010285,6361.314692928839,6046.22612251356,6347.244524853099
6291.292793098773,6326.471815140682,6010.270339155637,6193.099704884531,6543.221874965361,6346.085027716709,6050.59169037039,6323.797505855775
6286.837762506569,6327.980098564264,5994.2812622908295,6205.45105553231,6536.001102551312,6344.11190153843,6041.715804824651,6327.2109432828265
6281.1630846503995,6320.246190835825,5993.884227091914,6189.669773121814,6543.611893945754,6345.401978561529,6041.0852363307185,6312.243199784984
6266.748181005811,6304.520602097382,5976.484511683767,6187.2038008427335,6527.208968716051,6339.444531321571,6030.870830718615,6291.856459998291
6263.163135805947,6306.23400208353,5967.692363781386,6185.777415961926,6544.129874478923,6323.324643225911,6035.068112553698,6313.215912812005
6277.205307645555,6310.298971641787,5984.607727259444,6181.772737038384,6532.911238354399,6351.966845521267,6034.399813333501,6333.800736027972
6296.532618519824,6338.233639927474,6012.019584062557,6218.543428725764,6557.882351644171,6371.532361702743,6054.850963045824,6345.886135801174
6305.937585611469,6331.348063036807,6040.919825350563,6206.446667955271,6544.726683789458,6374.497676366548,6067.992980546044,6326.347915409701
6286.801288423491,6319.107257161724,6013.17404808486,6214.385389368707,6546.284426117412,6365.224274812086,6031.771153010697,6321.520928897562
6276.476981363539,6311.596546760568,5990.728569397805,6205.473825983127,6523.586935464848,6335.096461227363,6038.090566292892,6313.206599541225
6260.650208349764,6295.188717839548,6009.319391285111,6188.143992562663,6524.0825170130165,6334.560537607817,6044.052897503118,6324.468967123614
6269.443440778024,6289.291615229338,5996.144267644543,6205.569878874322,6535.64661879756,6341.621319822453,6017.8195433469255,6314.311633915937
6284.64418069358,6318.234196243907,6014.625848350884,6226.470068289981,6532.716165940866,6362.488658263569,6055.730370369771,6345.056300514362
6288.200527607621,6315.777415596435,6016.195227420401,6219.849113808393,6544.428784718055,6364.538738776439,6049.747603903451,6332.779832148896
6273.526706685353,6325.571039580542,6007.910566305076,6204.984082724828,6515.845462815937,6347.834090488068,6037.89634990654,6317.039481000376
6251.417615124113,6303.99747046413,5988.105304246126,6176.613911444127,6534.607065790417,6346.416600319193,6037.8202187498555,6312.171350918623
6247.03429844836,6301.115730065935,5986.366482783696,6181.607334584031,6537.404134764065,6334.366810149133,6025.709972111815,6319.384093690953
6261.119648228168,6312.62985868253,5991.968341219269,6218.291159804021,6545.981800804177,6338.298348971093,6030.134401428659,6347.700199066363
6297.281693179953,6320.784386252991,6017.598601812931,6222.659956220903,6537.339422008609,6356.71648054116,6037.4177082344795,6345.691215017243
6298.029252464239,6346.5677941265285,6007.476156330114,6235.605464155707,6557.344995217491,6358.232264711886,6054.591649475507,6358.527941172702
6291.284370608146,6336.688657770097,6037.796227585295,6207.596232098401,6542.851448006125,6353.40737829027,6079.315807723924,6333.080728848051
6253.784209004509,6310.42276639242,5990.837198908818,6208.54582632593,6533.063526453246,6345.74454999116,6044.3829971670775,6321.842674721986
6256.598851202549,6304.333448344914,5994.0161819839595,6169.988904362018,6537.169511265818,6335.207996159696,6052.1498328667585,6310.411655129967
6258.249025297132,6308.059712483638,6005.628896082126,6167.675586353816,6536.732457806974,6373.448047476577,6038.013041049624,6309.679490872149
6266.512471434396,6297.801347138112,5991.448900421051,6181.119075259775,6541.183883322925,6350.026414469404,6038.134268823576,6313.721702413613
6277.9225780261195,6319.04479453292,6010.119780547678,6185.820733901319,6546.904579232091,6338.949122732901,6035.672333382157,6322.5650409671725
6267.165836549419,6307.750060594715,6002.250110653487,6209.536433854047,6544.389005884467,6367.139409021605,6025.834370705273,6313.5246992053835
6274.554507375403,6317.9385117232205,6004.209560277881,6198.976414830683,6538.748366075173,6353.994673638759,6036.1431183935665,6315.1368663166895
6275.528089488837,6310.270237030025,6004.707469758946,6212.30672282905,6545.841668909184,6361.10855462417,6036.5374874355775,6318.5011716529325
6290.165281759667,6326.1704349878855,6002.667518430689,6216.246467383872,6540.082329660109,6356.075968635492,6039.936858561028,6327.927283069179
6292.263304346783,6310.753971519352,6013.331525443947,6214.265610893909,6557.7818327362365,6358.829890310397,6034.90203537184,6326.31523461776
6282.696223758499,6308.8272427568945,6005.858069813991,6206.966207578848,6546.103336262825,6373.547537562846,6032.354466529875,6339.19578171817
6263.972721562027,6307.415968665419,5997.78899153911,6203.723249384599,6533.579115777402,6372.858976541128,6046.608892478028,6323.685931558093
6257.4649673541435,6298.054370718027,5995.25281215775,6202.101945433934,6563.215233853039,6337.504755469026,6022.557212444006,6316.190551220743
6286.218839471216,6327.506206663805,6002.318488440074,6194.8965102244765,6552.75909723126,6352.114810205194,6022.95699629727,6351.327150251892
6283.296383686891,6318.896405816068,6009.382987883851,6229.687355061856,6575.249514030104,6371.119919454228,6037.470448129979,6353.243375753562
6301.001818869058,6333.570830206437,5992.09483678017,6224.298949509139,6555.641166600009,6365.244980932832,6042.309817189084,6345.02234915267
6283.839239872421,6305.560857584679,6006.267957406808,6207.464317198366,6548.303846339675,6371.82482330095,6046.514261609495,6343.422261484244
6278.822210281313,6305.448521231537,5980.03118834208,6190.020664396446,6527.584740306968,6347.683156120312,6013.95194061164,6314.799153308842
6270.566070733416,6300.063201367155,6008.657244959937,6200.14786833528,6547.6708202264335,6349.451741520608,6007.88693865927,6316.587856486972
6264.068179701311,6295.260939982115,5965.643038329714,6187.595756083994,6549.708054449662,6349.385099490134,6001.231836652624,6307.532737092498
6276.683027221677,6319.501437317709,6000.181282837393,6202.571143977848,6535.903665171542,6344.3857526793945,6042.538225039116,6327.035277088052
6272.926836365404,6315.538384932863,5982.924247179649,6214.744673538995,6564.029478942202,6352.555367174507,6026.754481767035,6312.420825483792
6271.047879568961,6330.801443456751,5989.997096125771,6211.5300945464705,6535.064269119298,6356.150409888069,6033.277784839047,6347.388065848118
6262.811738508369,6323.675666195709,5980.451064259733,6204.251222530669,6550.140472407811,6363.315685982982,6022.1321293913625,6346.126181997579
6267.404214379772,6315.069403625927,5986.966180133959,6204.301665462762,6556.895431684717,6334.973199355532,6008.769712517915,6335.744996914043
6282.989074982214,6318.330357312442,5998.187027223981,6206.439222149157,6548.196490077327,6351.915558153416,6020.499751319975,6351.861694647798
6270.843301329205,6304.808033514412,6006.111750679452,6221.316132959801,6534.161450665709,6353.931124102521,6021.38183945563,6354.19245010963
6274.029966253882,6312.852627684322,6004.044885007205,6204.184846671398,6555.910416205679,6363.433555727625,6033.054095204521,6351.151973573567
6296.9925036648165,6331.649785584183,6013.436087079593,6224.221501242056,6569.4501297826255,6362.662946530924,6044.903615966068,6364.934369819686
6303.622099664496,6368.780921916153,6022.272320804146,6232.434996331859,6557.2235897621,6396.18161385867,6066.161075995839,6351.341429453916
6289.314458269483,6334.629530931244,6020.817026450943,6212.0434600901945,6563.500734483606,6378.520921065458,6052.738591712831,6328.930894600227
6291.188660138765,6342.255375288828,6010.193555855718,6210.17048785191,6539.806911946919,6370.963267836635,6056.039247451947,6333.054353211664
6269.751338354205,6305.801084875616,5991.116257298438,6186.409353490261,6541.8876041880285,6358.549188046064,6025.511502617126,6309.04505604464
6282.282855342081,6313.653249859261,5970.931853356415,6176.805530758504,6556.589726861553,6362.572843348798,6005.814418149475,6326.158978219424
6266.497765837053,6300.603342937224,6018.913233742938,6201.748987239081,6548.525365766123,6345.137319775327,6022.914016591975,6340.390927431658
6256.066328248728,6296.619461000247,5973.849857198528,6188.743975517796,6547.693894990876,6352.22633496369,6016.409613099505,6332.470828254144
6250.1241509852,6287.648986536765,6013.264769093858,6183.408551869838,6548.559171704878,6366.125561568186,6041.23995623993,6330.810827309071
6274.144268658266,6316.131126059883,5983.666272068415,6214.81947902775,6546.120698286435,6358.1011158968395,6027.859532002151,6338.480291914217
6276.594206408626,6320.5862829132275,6013.764575005598,6212.633670096981,6564.155813650651,6345.0937810468295,6050.602929170892,6318.554778420159
6271.131210973289,6340.63327735662,5996.194032406002,6202.121949305107,6558.249177375751,6370.6847290364185,6041.061980525106,6334.892724398356
6265.689856965836,6335.066386024659,6018.225541558732,6218.343784260382,6548.18530067405,6345.959093917481,6045.436095588319,6360.159647410212
6282.328445008796,6340.566352793693,6007.316098623805,6235.13177671981,6567.897822911862,6351.35224188993,6042.277005229886,6368.135947671261
6283.729557265498,6338.645546128204,6031.158930214344,6203.4609769467215,6558.784034816423,6347.711512101377,6056.801380828088,6355.406098418162
6275.143910941663,6325.857567203061,6010.131118160565,6195.99743698148,6567.848470683242,6342.115399057986,6033.162661391865,6336.83159854731
6294.227649942784,6347.510804222142,6030.52238386676,6178.4560412908195,6546.162152614257,6385.20076517241,6055.75795082673,6344.143052114885
6286.742162843988,6331.725104636385,6031.271711636676,6184.0858979914765,6575.938953079617,6372.1471289596575,6063.031308839364,6344.608946988296
6307.537313268647,6367.822432875211,6032.881470984833,6178.733103680358,6579.12479378458,6382.124138381099,6081.789708362246,6336.3943768056815
6308.418925124119,6367.763845975213,6032.030776013568,6187.774683420085,6576.10469724426,6381.272830747765,6086.652234393434,6345.669809057703
6292.576002031298,6329.735345100812,6015.708837428269,6184.205620910066,6554.787741612483,6340.848000261147,6070.412361104895,6327.617206114937
