left_imaginal,right_imaginal,left_retrieval,left_manual,right_visual,left_visual,right_retrieval,right_manual
-6561.884154877009,-6960.519968186213,6500.206653353131,-6442.770185908851,6843.831696533874,-6368.376407653161,-6246.430235487807,-6469.860688093115
-6548.822231818274,-6938.231739185947,6479.192154149131,-6425.1767585400285,6794.917357345163,-6357.603250004677,-6195.31969262181,-6456.016878219187
-6554.730965659404,-6929.290766980311,6459.881240725665,-6402.235512752563,6835.387795144793,-6339.9118303317055,-6187.463105984726,-6421.3258951859925
-6567.020156832106,-6944.926320911728,6463.812439089543,-6406.533343247023,6808.526819141141,-6336.448951233604,-6193.0071257252375,-6436.492509994305
-6535.656050596083,-6924.70851892073,6466.743080445234,-6380.846514182393,6814.84887651441,-6304.072050168011,-6187.136130817023,-6411.958945703449
-6535.609030942676,-6926.2495750155595,6452.1717143533515,-6394.499733687012,6791.058283371885,-6320.692614039845,-6201.475170431049,-6416.0556948934345
-6511.922307915179,-6909.585093461963,6428.113214544631,-6391.896593482618,6787.730257960608,-6302.035028539653,-6152.067852474103,-6406.612303811859
-6511.322617963742,-6918.625287366257,6432.120770955736,-6394.048463187305,6785.72508620461,-6292.460884751804,-6176.7820409376745,-6409.934707453465
-6492.783529102176,-6906.604666717389,6430.352317258829,-6363.10652803454,6764.704218672778,-6287.508806418938,-6183.326012102951,-6396.414756951698
-6477.95852518992,-6888.030510608943,6422.719204837821,-6327.127184523603,6756.670216149112,-6263.845142606837,-6188.022395556793,-6388.375595521848
-6496.547816487217,-6899.562294727328,6439.104116366886,-6330.110958658206,6761.729224971363,-6280.292790258915,-6174.475497610067,-6388.6844782101825
-6496.099645918486,-6896.177604062018,6421.8713673898465,-6363.310010833607,6772.682569722008,-6294.160033263437,-6167.181117008387,-6401.9962001689755
-6512.04533665795,-6913.653869284559,6469.5747466717,-6376.436647411829,6762.343092915613,-6305.59891612612,-6207.778438560957,-6412.305405583814
-6501.798616620441,-6901.740727416898,6428.922400513824,-6364.614982905784,6783.78017435136,-6294.747531389925,-6183.393232695349,-6396.410933157148
-6521.112035385733,-6920.50626692386,6450.563837795479,-6371.183497596047,6768.427659731517,-6294.773666226656,-6203.608042077904,-6420.704080211581
-6522.911744464088,-6910.299176159239,6476.83991600433,-6395.938684541401,6808.171027984894,-6323.386768837516,-6196.507696170626,-6409.36180984909
-6543.546052002778,-6932.453398164413,6486.772184311888,-6396.582697958573,6799.322086515998,-6323.020627253877,-6208.622535804851,-6425.867972381989
-6542.878735162915,-6921.92700042022,6483.853865236354,-6395.755203588594,6825.356904467407,-6350.957473921056,-6200.572847761339,-6427.174702284956
-6525.944465714483,-6917.576376024884,6468.9009981174595,-6387.100764464762,6800.892785997977,-6333.3268437069355,-6217.4220199942465,-6420.288263499179
-6530.334587406128,-6939.286669246927,6467.831254088154,-6419.558896326405,6799.332603423115,-6334.077545067508,-6199.5814976317415,-6436.672513437737
-6516.633410111342,-6927.1316931898555,6452.857372050112,-6402.779676435577,6801.9607807024895,-6326.234971766721,-6198.764861243838,-6433.104265041722
-6520.794172237668,-6934.5539305982875,6469.975640309843,-6403.107585642844,6793.317463825108,-6302.33213235527,-6215.510145309072,-6426.176339561489
-6516.3523988060815,-6908.348493607879,6453.074529988298,-6380.23112734278,6804.919254738033,-6314.657177093565,-6178.419601634751,-6414.208209256491
-6522.079059676315,-6928.7669990629865,6455.827949251959,-6379.861767311255,6799.284311023888,-6293.836545540524,-6187.007233397229,-6428.013416021696
-6527.900702263993,-6910.165848524054,6455.982357946881,-6381.5164531730525,6789.2912385029285,-6299.320101341503,-6185.677089178077,-6417.315266663167
-6512.622719627162,-6904.972709719237,6440.598463187781,-6379.380797548877,6787.417599960944,-6299.875449590828,-6189.115255434444,-6406.08750395722
-6510.52648752441,-6913.961090727741,6451.0298591413575,-6390.128726929769,6779.635445085616,-6309.14802988456,-6186.131093503637,-6414.560834111176
-6514.6207697182945,-6924.402971733017,6431.914105731433,-6384.848472155621,6797.255585028863,-6314.773113585248,-6158.3689275140205,-6404.288620297498
-6510.467723398545,-6928.454223827823,6482.052083742357,-6384.14812265571,6825.451282262079,-6318.36503197071,-6203.225844473083,-6407.696882326828
-6529.108434670092,-6930.800450875372,6460.608662186623,-6384.851398134109,6814.614767369226,-6337.183872435072,-6193.004706253872,-6419.233850605944
-6535.410066229276,-6940.669979779927,6481.716017116727,-6394.221780369041,6801.004214095684,-6316.202565660279,-6210.734049170827,-6434.246441145618
-6548.555636792706,-6930.044050954293,6482.678187879075,-6389.246314410037,6814.563111547672,-6350.4922683124105,-6198.02426914866,-6419.954905247182
-6548.940446500748,-6939.194179075208,6470.96851858475,-6394.899870329884,6811.083211760146,-6339.757971428186,-6198.923318267163,-6451.072426452913
-6541.192082475648,-6931.43107518945,6470.953992293099,-6390.055174965055,6796.031157308482,-6324.010367073153,-6183.968154112897,-6415.522228411241
-6533.194545608183,-6933.524579240604,6449.813853186709,-6408.9614728911,6801.211457684658,-6328.40929731605,-6180.4201613057685,-6428.4560363164555
-6535.4362979616635,-6938.305582182841,6451.5668307484175,-6394.82722455481,6781.414247441157,-6340.069309152636,-6192.399966352142,-6421.422441769894
-6510.736340601528,-6910.115772233833,6445.832567388895,-6366.481342926408,6756.712408230415,-6289.815527394524,-6178.253623348564,-6418.185430044858
-6523.6977505553405,-6920.536186227342,6452.873215571501,-6352.91516338343,6744.424088291607,-6303.852231517686,-6175.041215346659,-6420.51437051666
-6515.104280520577,-6898.011209560895,6427.138800773097,-6359.79479762886,6761.858118005136,-6295.175789150919,-6175.323526218213,-6404.3453987316825
-6523.915793055678,-6918.719771086366,6462.384248100456,-6380.563791679702,6769.978320367421,-6292.993419437191,-6190.362299215339,-6416.715013191904
-6516.643543091133,-6920.88389417486,6442.450488299554,-6384.75408488501,6789.465423191667,-6358.243320325722,-6170.983721392594,-6412.887718792533
-6529.328609325474,-6930.841470347112,6463.221639247967,-6402.608171569992,6789.5532297964755,-6318.1000800499005,-6206.0490344725495,-6434.8251324022185
-6528.5557968675175,-6928.951572719223,6462.702362787302,-6416.780521889748,6813.324379125958,-6329.162817732247,-6172.071823679057,-6427.241364246033
-6530.15463227277,-6951.002775477597,6460.3718015084905,-6419.238976492068,6806.03733446111,-6337.71775375491,-6199.197850201067,-6431.936729967472
-6529.066974630904,-6937.960848336243,6458.933014789485,-6415.476945433992,6828.037639661931,-6333.328162490295,-6188.20054048409,-6441.699461724541
-6550.467014493121,-6962.147703096529,6468.0219411687085,-6416.834533596564,6817.6692100687815,-6339.811011003221,-6207.928971798133,-6448.959387824075
-6530.38467757988,-6934.390698578891,6445.39736953797,-6399.396048060825,6794.1599388197355,-6336.098931847437,-6163.717724467901,-6432.330764348153
-6530.527120659053,-6939.240920656454,6445.206543594948,-6377.336261985022,6787.800036755658,-6295.950906229406,-6192.563161171921,-6426.659666818748
-6505.316372861796,-6906.77456597625,6434.877040420759,-6349.30447633516,6768.865343546711,-6306.770576367296,-6184.375269322573,-6400.167818892485
-6493.692240535743,-6904.5374067277,6426.419457740078,-6345.773217858721,6741.779139809076,-6268.802984029745,-6177.119179185278,-6404.341094866682
-6512.967605885207,-6925.051072784564,6428.982263535487,-6373.78428405171,6788.797351353694,-6324.11945153172,-6161.863357753307,-6402.178139394252
-6524.240202624206,-6928.975293022534,6457.370396113513,-6372.397839318943,6795.876134594848,-6318.978197057732,-6192.488705275526,-6419.612351596855
-6535.554975678603,-6934.679716445222,6464.919705573619,-6380.9801469185295,6794.129077663958,-6323.929214642076,-6193.66448216857,-6424.335128699679
-6535.891942245577,-6927.92688843834,6458.519028537453,-6366.926165504392,6807.328425574666,-6327.601125899808,-6184.431466891635,-6412.338018974916
-6535.38914338767,-6938.218721762532,6463.779183159947,-6372.888905942728,6772.235075653395,-6334.203016178506,-6221.979560955943,-6436.226678258051
-6526.432653054683,-6924.724645593077,6447.698588518147,-6379.823327721683,6788.622235483342,-6321.346052589096,-6191.905161475806,-6435.936686536991
-6521.065293278887,-6927.506527365022,6461.139238762305,-6370.312719126756,6799.362829387228,-6306.104258096988,-6218.07858322184,-6431.162113521388
-6545.598969488766,-6938.409223755125,6477.955406741395,-6374.088109245141,6778.36672829217,-6309.202907248964,-6237.9685433084605,-6421.577854121532
-6525.8335648841285,-6930.068271390455,6445.892933885056,-6362.3632304699995,6780.624007270516,-6310.151985251904,-6208.419569465474,-6426.746475062611
-6514.860776798743,-6913.412660793062,6464.415948547223,-6369.583208122881,6779.925198412384,-6295.997730953038,-6215.942489961379,-6427.68390084961
-6502.527017058248,-6899.997053089599,6438.972747060978,-6364.560507039033,6790.335611777154,-6330.3968766516255,-6193.150090532755,-6422.007131434215
-6515.687003259626,-6926.814335263631,6452.559929963532,-6389.500039713244,6789.7659190724435,-6330.728229357762,-6205.986021024587,-6422.873152740795
-6525.225367267669,-6924.161432126943,6460.103811322099,-6391.278680261307,6815.596426972012,-6357.785697307305,-6213.297529997142,-6421.480218222389
-6530.623283619085,-6947.849823009216,6461.4328981556,-6399.794558564581,6828.736764856916,-6342.050030907631,-6206.9388582021675,-6435.5816595856595
-6555.1942614014415,-6949.319474824418,6447.0288111382415,-6387.527250676425,6827.017634379586,-6344.298683107415,-6222.032355944525,-6427.691064161367
-6556.796350755725,-6945.703603040565,6453.071589645707,-6402.2777351123295,6797.05308673558,-6351.738922187406,-6194.6992100893685,-6446.584574605113
-6559.93849523638,-6945.4076345432395,6475.58947984016,-6395.798983329321,6821.0988050576125,-6350.432179065904,-6225.325584443871,-6424.690777446519
-6532.8159273068995,-6929.172595239492,6468.404109039723,-6385.529488365461,6802.3268662818555,-6343.117515741992,-6220.981427853739,-6423.299967343996
-6538.879912492839,-6947.311202521671,6450.001946161714,-6384.68320511723,6812.457554461838,-6319.481071480775,-6225.672074371333,-6428.547226915427
-6518.217129516368,-6935.5468323127025,6440.001852597001,-6376.814143356811,6802.492734551652,-6312.721275041759,-6185.935521052445,-6423.8167528441245
-6538.7459569779385,-6935.001459080489,6453.0220406665785,-6400.204003057846,6790.84359378429,-6320.679354865349,-6219.337211549363,-6445.625219057743
-6529.564800348498,-6927.330976273086,6431.8598403290325,-6384.899942871891,6801.90692133608,-6324.662761851316,-6156.602678415519,-6419.559182929792
-6526.452002912563,-6936.561799684072,6465.70201153732,-6382.1395896962185,6800.524121648715,-6315.512676734543,-6211.102874810587,-6416.337271102306
-6505.005293383732,-6906.094526949633,6441.580097334524,-6382.318690159568,6789.094851096534,-6319.403020117277,-6186.745790350967,-6418.0217200706165
-6517.693094220063,-6930.089064763931,6455.599448545432,-6385.403325619324,6811.0858642592275,-6350.696133640624,-6213.194524254731,-6429.119792310594
-6512.320477453358,-6904.586146068412,6452.9241971731235,-6386.1000872456425,6822.162618441735,-6330.577802819729,-6196.072674067057,-6421.170125236299
-6527.98037594853,-6933.510075301102,6466.669971143882,-6392.559627898663,6803.3024781434215,-6319.920343677581,-6211.395787646356,-6429.448811644987
-6538.135027847933,-6917.466496552477,6451.962441569401,-6379.288412317884,6798.270574385634,-6338.611141455508,-6194.784722866714,-6420.3373174301105
-6525.376430269867,-6928.635118926872,6446.950885700098,-6400.868308595808,6823.509472300682,-6328.232621374339,-6206.398338743687,-6428.339613295425
-6530.048379487178,-6921.532643582169,6456.8809703138095,-6407.180371153429,6815.479133883123,-6338.311523634873,-6205.29593178563,-6430.383714608845
-6527.570527460026,-6928.029857000607,6451.622559672781,-6395.04079354295,6794.30012456704,-6357.981749078202,-6200.029906769982,-6435.273222414629
-6542.220162957112,-6951.170947198795,6476.60812290058,-6409.390924697241,6815.351052979826,-6343.353489580863,-6240.57266844169,-6453.794807378386
-6533.674218707648,-6926.016859425088,6450.278063238194,-6380.356204402872,6796.267744535987,-6330.820703243038,-6212.501774320498,-6424.760446554033
-6525.969125800662,-6916.748543935681,6441.104428393903,-6394.105189137256,6792.427880709018,-6323.470906295514,-6207.739876704065,-6421.151387982562
-6537.692125222204,-6934.442927003299,6456.3031804518805,-6386.583373584536,6821.154342187841,-6367.201175283587,-6221.135417278295,-6442.78988214929
-6560.990139165711,-6972.540692727643,6461.753230825534,-6394.315511789805,6813.963241414355,-6358.542796116877,-6200.672213950253,-6440.87800921826
-6530.291571347375,-6926.668327430811,6434.922057673574,-6402.930764634203,6808.658528677425,-6313.4607319678735,-6207.166332765281,-6422.2843483072265
-6540.082743625935,-6953.150136304301,6458.15380629575,-6429.793846579925,6797.040152081316,-6335.182714912554,-6205.693996923497,-6443.002677569224
-6532.577799534951,-6949.47872212555,6453.074345327026,-6421.974414751786,6819.944774438736,-6318.753820801404,-6196.2582561071495,-6436.479499034449
-6553.6626383154935,-6964.272309954727,6466.891038775387,-6424.638553733139,6804.628539773434,-6339.152155020115,-6206.20094246836,-6444.253063663917
-6537.065648083818,-6941.526048594769,6460.668954242826,-6410.275545239964,6786.331488248159,-6323.376730682965,-6199.785123088342,-6435.539844250691
-6547.192371030229,-6945.108902056356,6471.137386428804,-6405.499354394255,6820.975416513065,-6334.553100100468,-6223.012845543995,-6429.492581519368
-6550.176300308801,-6929.821205333903,6459.24274948133,-6388.271127853332,6821.122413211578,-6337.757315053191,-6196.931466790249,-6424.286273417127
-6548.027190908092,-6941.948603287277,6464.096328554504,-6400.724147042023,6810.90232332316,-6356.7789956332945,-6195.195306174585,-6434.114550698999
-6530.570346121125,-6915.306530881991,6424.469309661482,-6373.47197095414,6775.338364133315,-6322.4118753767,-6198.839722669625,-6435.572361174191
-6514.61082169082,-6913.866433479187,6434.859701207927,-6372.216376456824,6757.924467807476,-6326.22751034533,-6192.594809904804,-6429.122882261057
-6493.989758756254,-6894.1405047074395,6419.414651329488,-6364.409647894522,6785.266741901871,-6347.160276385268,-6169.958230266276,-6423.23151450616
-6509.426735409462,-6913.8830375968355,6450.68099321216,-6385.774174820499,6781.258098969079,-6306.669406303426,-6208.522039149621,-6427.575163297692
-6517.541228442768,-6903.583551188266,6437.525775366098,-6387.874159163541,6787.730793589382,-6327.704789345963,-6165.074235586442,-6424.021491350415
-6527.918674939359,-6932.186267548931,6468.340383459251,-6402.280211134829,6787.71671181314,-6326.142797127381,-6209.500478783777,-6433.81841425936
-6532.90131451645,-6931.82361466837,6490.937955471049,-6417.205314186907,6799.760993565473,-6317.440389991737,-6198.9089317253165,-6418.889324854477
-6535.186830197121,-6935.677060697375,6485.7882138624645,-6399.642607908056,6811.328680590489,-6329.297354476379,-6216.417485265644,-6418.29976422362
-6551.424153236646,-6961.833262064951,6494.154261402722,-6424.613308315664,6793.251206612752,-6347.9056864580725,-6209.8359404897155,-6438.956185843815
-6552.919938696287,-6958.5513368501415,6468.2074451705885,-6416.543898204361,6821.175210210159,-6344.295207044959,-6201.355228920802,-6428.59019027309
-6568.409939798003,-6951.271596144898,6485.286282440732,-6422.300182247045,6809.580458354156,-6349.410050534988,-6213.786083961804,-6419.324699374951
-6554.538137614765,-6936.571667388395,6459.042325918085,-6416.819687372718,6793.351969950722,-6328.311311021501,-6178.749664414443,-6422.621724802374
-6535.884332555028,-6945.915497502764,6480.793680411751,-6399.718259666639,6779.108228241607,-6320.058617774036,-6211.38765398547,-6431.323841833817
-6531.134559058589,-6936.168309348698,6465.576316084466,-6398.823382988666,6772.03361630848,-6326.0961307346315,-6196.729328472042,-6420.980591306747
-6532.1233939579215,-6944.240861853599,6471.273721196198,-6416.56919112693,6799.299110028092,-6322.490337487216,-6181.36913066054,-6431.992563372068
-6545.315343244648,-6952.381741791296,6473.282287055015,-6413.48965017896,6789.271171833678,-6334.8384233070165,-6196.679102903359,-6437.648844545892
-6524.882256615224,-6936.128476009773,6456.111679045125,-6416.5561952606995,6777.059504934666,-6324.885323259673,-6184.507190012354,-6430.896428237334
-6528.938479115081,-6945.523351101439,6464.046696481323,-6432.017037799161,6776.166867338589,-6336.8568558866455,-6174.209492957764,-6436.141664693942
-6542.035798144734,-6924.470197236403,6465.465072822312,-6422.848995003755,6784.020098904824,-6322.799661690465,-6187.745667441337,-6440.135494391113
-6539.11387987627,-6940.934311211004,6476.945362083034,-6432.768505073532,6775.960986405539,-6362.39301014813,-6180.065820028828,-6450.635051158947
-6551.976686129137,-6941.13753261293,6475.029639704794,-6427.573225729991,6790.849168446214,-6335.35956086604,-6181.914056175086,-6437.4522540636735
-6560.07359844,-6959.748280707988,6477.035854938761,-6436.210499911054,6782.391592036677,-6343.715366159475,-6202.671001317222,-6448.153609672899
-6540.117813974183,-6946.213981754952,6474.698366042824,-6418.356105983602,6808.696258727867,-6370.719393061504,-6187.864023033021,-6433.136349998481
-6557.589400238712,-6952.596836785412,6485.028297525744,-6429.034719815917,6817.961367495776,-6360.930443744038,-6223.99227643037,-6437.26681538592
-6553.379242927761,-6945.484384824683,6479.358111876642,-6419.904268623071,6813.448937947973,-6361.783552248328,-6186.931506607285,-6433.618024654274
-6546.301812393061,-6954.905276613773,6472.095362606865,-6403.112357600039,6801.84260684269,-6346.394853653534,-6211.074348991777,-6442.941134910026
-6533.401505969017,-6928.860263913544,6470.527224156794,-6375.6168726642045,6759.254274044634,-6324.704298091686,-6186.652476776093,-6439.140904647587
-6521.1372936872585,-6929.910799150041,6453.0623090228255,-6380.545806097321,6776.4028876475595,-6310.771404207246,-6190.08803479444,-6457.581409796343
-6507.942529267015,-6925.857970821191,6457.566248147929,-6369.215671007801,6762.122689211133,-6313.782391417255,-6182.759693117236,-6437.016982865838
-6513.099206704437,-6928.544122353151,6456.877312723411,-6367.205410490374,6780.228846420373,-6297.00269146462,-6179.738382401516,-6430.927012443306
-6535.389176490611,-6942.8413587064015,6462.394160245072,-6402.762616779732,6785.373543463796,-6316.548647522274,-6180.916706216662,-6427.237970120998
-6549.999527835566,-6952.686775040138,6472.733465009737,-6396.080978615897,6804.65484757232,-6330.572560074086,-6194.207771075434,-6416.220271691948
-6542.6154939473745,-6948.691452335883,6473.289136712333,-6427.034844485876,6790.881319590801,-6341.774540729997,-6205.708689442549,-6415.602915438296
-6543.909072545797,-6934.816497950724,6462.06574266612,-6403.330900896233,6803.442329295668,-6343.307668709869,-6174.4592610714635,-6421.448645250034
-6545.522099373697,-6949.938387926279,6490.585925434012,-6394.851641594129,6791.428407190615,-6331.366966642043,-6205.1290764298465,-6419.194601204003
-6542.3730484041025,-6937.1318579993385,6467.798570689252,-6389.089576810235,6790.849990160818,-6329.971757349695,-6185.262805208539,-6405.143955088122
-6535.959033513847,-6940.075150204212,6488.392541140802,-6395.466950183682,6801.957078476731,-6335.730008381507,-6193.552545236951,-6429.677124615426
-6538.571785109473,-6928.17743193889,6489.843209121525,-6394.077321637557,6804.843886336934,-6356.890005233406,-6196.556395314508,-6415.831887681165
-6531.015544889396,-6938.401043615723,6499.352437251201,-6421.887041714584,6820.783030308765,-6361.900071906016,-6198.08423041398,-6442.328313812911
-6546.92230783253,-6949.621062008983,6483.263336631845,-6439.389971072925,6815.795610564825,-6352.340613863188,-6202.385673751707,-6435.344318959304
-6542.131353624285,-6934.306422200343,6456.872715700192,-6428.899256112523,6816.250734831572,-6347.770718285884,-6176.139819584954,-6439.435131830606
-6547.663167622954,-6951.6711803133385,6504.678206040561,-6449.333928504584,6827.15076844843,-6331.027287754618,-6211.638739139206,-6445.801504046795
-6532.815951809059,-6938.465014565368,6476.458685798179,-6412.887822452588,6795.666242763087,-6325.558908553777,-6187.200545905686,-6433.24885314013
-6557.30129517378,-6958.255684398068,6498.967077457586,-6406.740407875063,6781.601639091808,-6323.932683624971,-6194.516991997225,-6441.5846063009985
-6544.462487571142,-6954.426203183171,6467.01474248267,-6388.163305179521,6786.536012414462,-6344.518367704187,-6171.36335864059,-6424.846481834734
-6564.134916966433,-6956.4736433201315,6494.885755000705,-6417.072283580127,6783.306277174364,-6336.66900468164,-6234.63529181758,-6438.940928135172
-6560.486831302606,-6927.224560157911,6476.91246536647,-6411.179874780446,6789.09919347579,-6319.2576386460705,-6191.239034646894,-6405.73065472978
-6553.223111075076,-6943.763168505748,6471.02573399064,-6424.657040823324,6797.09185658218,-6326.67389681044,-6211.578771892707,-6414.670111564068
-6545.7676131708085,-6935.332988482304,6497.831669801666,-6410.651950792351,6786.082527823319,-6315.581399562071,-6210.064466702248,-6413.38298431367
-6550.6049258449275,-6944.962998089947,6491.852688194892,-6413.431236416419,6792.163178147717,-6346.655875717179,-6216.022066899053,-6428.515544534439
-6557.396698789046,-6950.1550607628515,6515.967459384532,-6421.416636160955,6798.843372595782,-6344.116327125585,-6215.208575629281,-6428.930425806344
-6555.711463387545,-6947.4311807202275,6488.983356557488,-6408.011286724891,6811.864310800583,-6324.934130416661,-6207.286384316162,-6429.3931811794055
-6547.98394323813,-6954.24764170476,6486.733472093876,-6403.918907824466,6775.898140566614,-6334.488826505203,-6199.95458875504,-6427.757412502011
-6544.486050509823,-6940.488792507183,6481.708284362057,-6395.886792014884,6791.131127985318,-6340.219757326424,-6202.037151310837,-6427.9498096800025
-6550.164152754337,-6955.625443639117,6483.802554363337,-6427.687514940086,6790.974236773441,-6323.748910963975,-6196.369531848997,-6450.277934006958
-6538.611793430718,-6925.186329651815,6481.730743102339,-6407.724791659351,6792.124647268786,-6319.423319880987,-6192.98769568982,-6437.8455791331335
-6542.097852518437,-6933.863981348459,6481.70190005925,-6415.49205557117,6787.669269751272,-6355.090297555992,-6198.827348534961,-6453.898942404489
-6545.373716595139,-6952.300183631309,6498.675612703583,-6413.919872241991,6804.556238196154,-6337.4669682588765,-6196.713931671378,-6446.81698211872
-6555.3301943402685,-6946.172897332725,6484.10423843599,-6416.574655254478,6810.292655510823,-6346.0387822896955,-6203.809413720736,-6438.373732979699
-6547.554759642612,-6953.062564715851,6480.917296481567,-6425.876775267614,6798.252224195895,-6356.631597055299,-6189.171472745161,-6433.477176114218
-6547.385252830198,-6956.544566359763,6491.882209419252,-6438.765127465104,6799.252112758817,-6357.962616130751,-6205.91520827302,-6434.348747221615
-6548.871337581288,-6942.238658417932,6481.2502752068085,-6416.727141953214,6795.240919402068,-6356.168550516596,-6188.273403500727,-6425.810302905729
-6524.9409160151845,-6928.523533032985,6494.360480992448,-6427.202510320427,6781.54851079328,-6359.202072187894,-6195.896695525747,-6413.5610837815375
-6536.214819826227,-6933.074116817214,6480.467396863234,-6421.915635001129,6806.387344330242,-6349.269320995482,-6181.067026646549,-6431.832343276846
-6547.761248810162,-6942.840631169729,6512.031902149906,-6430.544160133462,6827.303550294289,-6384.621339933832,-6219.413757827625,-6436.2253496519215
-6556.645582880482,-6952.750629623664,6510.273373657287,-6416.499631453603,6827.323729451807,-6383.796886417169,-6207.186381507125,-6443.828782771768
-6570.545063065699,-6971.625502280477,6518.226198367112,-6439.757334246743,6833.9185462410405,-6365.354897105319,-6217.160967391994,-6453.5549799401315
-6589.214909774913,-6964.837670807942,6509.198675043992,-6418.26192626122,6827.810365282299,-6378.377276659994,-6227.889113363228,-6436.880693230738
-6566.109746009508,-6959.2927831700645,6481.613142725229,-6410.972668076889,6815.141906081665,-6364.087733878217,-6209.995782678695,-6450.981336666111
-6574.332541521485,-6965.231125741835,6472.847487246331,-6409.512042890132,6804.869270347684,-6365.963111904006,-6193.791733724058,-6446.140721494163
-6535.77271840334,-6936.165804912652,6459.764901931473,-6394.070488128654,6828.708054993761,-6338.326997369295,-6172.10277949829,-6430.843380098698
-6540.064250373555,-6949.761243750218,6457.658281370633,-6384.456201046209,6805.0393769855755,-6351.510413856943,-6181.78169562496,-6444.55982191315
-6552.281017723288,-6947.299532065806,6493.558115646933,-6416.826335558648,6845.2628939184415,-6364.321804255821,-6177.988955005943,-6436.8413808108435
-6569.344255327598,-6965.662983846068,6480.123158034763,-6429.485109318751,6820.313446413518,-6354.7495998200675,-6182.8054588186005,-6435.499415267866
-6563.75616780213,-6964.289381596544,6509.832520899634,-6432.871704696512,6814.229543963342,-6371.398386416259,-6214.488077991813,-6453.152845544519
-6566.137237952296,-6952.322875174192,6501.584168440941,-6435.472059326806,6820.598927025988,-6384.205905994644,-6214.484876677787,-6417.40728042619
-6579.1498625082295,-6973.15914467786,6537.787655328572,-6426.597297662383,6842.335345686889,-6358.231518822015,-6236.940672886426,-6448.319303704246
-6575.858240089697,-6961.809800722347,6524.789073471835,-6417.6710158639125,6838.455929502914,-6406.132714574962,-6224.924952725918,-6419.65823851129
-6585.236707342746,-6979.489011951748,6528.700780199792,-6430.535962095355,6828.405743855422,-6389.118582527439,-6228.248931407019,-6453.953006153532
-6576.227201702622,-6964.910451769932,6522.877823481434,-6417.988227815005,6841.509924425055,-6393.636309204985,-6222.201318965077,-6425.038338344863
-6594.121389121702,-6971.279833712216,6508.131439354489,-6427.276889693008,6824.727627875466,-6372.504125564642,-6211.083861590212,-6453.289582844942
-6565.657629769987,-6946.186230351939,6497.734219321195,-6422.221838824895,6824.393262096519,-6374.537306969008,-6206.826801107385,-6421.7115331601635
-6563.807798618248,-6950.44947496596,6472.791837155519,-6417.323782722983,6803.416495689562,-6350.863782010433,-6178.703990791235,-6442.653319952528
-6547.2334057139515,-6949.904656011635,6506.654187161614,-6408.329237776742,6789.00005246078,-6362.410647161558,-6207.257948611997,-6429.927140640787
-6542.292885319325,-6944.330555889201,6472.038896401675,-6421.539912307028,6782.499933383262,-6349.977669351012,-6195.285164163539,-6425.462332786377
-6557.528234855072,-6950.263058383141,6501.75561341072,-6417.880385627557,6795.8196722770135,-6360.35720289781,-6198.72401251817,-6435.595181096353
-6558.486921762064,-6939.293953486705,6467.296838675499,-6421.809832900838,6815.979172141097,-6377.430017035414,-6163.098941212809,-6434.65557847837
-6571.341012078147,-6955.258321207492,6515.553853890153,-6414.575979696189,6801.43020330039,-6381.929328516704,-6226.648998312497,-6440.070958878633
-6574.224687827687,-6943.449251600892,6500.582238978493,-6415.363045960927,6821.614156046213,-6372.499063508035,-6189.6832247318725,-6426.042915614917
-6570.661223949198,-6959.674572149877,6509.505186357406,-6409.111680034459,6810.318289249265,-6384.700764762552,-6213.3205650626505,-6440.823650548788
-6577.315535005157,-6957.39582205234,6496.275986332698,-6416.991318364762,6822.411568156326,-6376.532149822827,-6206.373924654393,-6432.836281784038
-6582.157643807716,-6978.887477062853,6500.146059608902,-6424.520999808034,6838.733223683552,-6401.5939738250245,-6217.58983743784,-6453.549499555101
-6586.607854792307,-6974.4686802545,6514.836262303938,-6439.018888102424,6824.755038672091,-6372.323366290786,-6223.036627831197,-6465.614846627034
-6576.2934655004465,-6970.334877568051,6492.147954872213,-6417.336066506792,6844.727841046055,-6393.087554046214,-6213.718604192502,-6446.49058510232
-6597.019142925044,-6978.841784939867,6502.945755993814,-6405.2928569150945,6791.4826581730185,-6381.7139107864405,-6211.080394105021,-6449.750385491277
-6585.645068228396,-6954.887083762493,6512.349884228089,-6400.732137253777,6809.7865461163765,-6376.451736135412,-6209.9522908817,-6441.431879905869
-6583.641488373134,-6978.1437741013015,6510.082819012239,-6415.452529269731,6822.904960435714,-6387.380043826779,-6225.559545914064,-6432.699732320506
-6580.610918409959,-6961.997070944283,6513.729804302622,-6417.463619263486,6829.4217737098725,-6380.056334482554,-6216.007078157047,-6430.482158780516
-6578.466769216772,-6985.572165907469,6498.712907436486,-6434.5291344147145,6822.339216933768,-6382.364453913455,-6216.4119593593205,-6439.594287766385
-6562.760071078488,-6958.45723147062,6480.133426003286,-6409.935318928032,6824.630540997365,-6386.880248617839,-6189.005847545156,-6431.524260670643
-6566.2978075076135,-6963.020767050913,6495.350557240602,-6438.750615378166,6784.586428346736,-6350.077002894269,-6199.971517300129,-6431.825831294636
-6541.531313750999,-6928.206256173651,6450.210166001071,-6404.947926349808,6779.973256106173,-6359.957628850242,-6164.5973019612875,-6430.388428217489
-6535.79414142879,-6936.026589540396,6489.171140935981,-6413.814026275037,6777.795286064249,-6353.768925993699,-6214.799135614132,-6451.945263011489
-6515.352560955639,-6909.039400523392,6489.88042246647,-6378.910312119045,6780.700542091633,-6355.890348662925,-6179.1172589298985,-6421.136933071915
-6530.692180828221,-6907.704553125852,6464.351080240925,-6375.292009790807,6751.118918937872,-6343.0793624771,-6180.939031915406,-6444.526072541596
-6530.918324315541,-6909.395690003808,6473.04106216828,-6383.5623850893635,6765.045972683621,-6351.522916448767,-6178.808245396614,-6427.615625560357
-6537.20748197809,-6922.084753123252,6486.539901491647,-6401.672967548248,6791.903660178521,-6344.519076280385,-6194.27914106637,-6434.293156855676
-6536.843359511377,-6919.0339682056665,6486.16738500512,-6403.478755342838,6811.769262934384,-6384.740143652307,-6190.895770472221,-6447.457237754533
-6561.164676744334,-6940.309575058378,6475.612318272495,-6430.566887160263,6807.740339235391,-6401.409652147598,-6201.218148265124,-6436.945000822026
-6577.370086774963,-6962.345992758554,6505.374092277317,-6426.394973766732,6837.62453471828,-6408.720123495236,-6210.120661775152,-6466.777177389929
-6582.495623924786,-6960.842080998957,6509.2314324935605,-6425.28300138315,6844.949289254583,-6391.310157047106,-6231.158623182943,-6457.185281991815
-6595.242098773631,-6981.381950043654,6512.201838709273,-6448.596980306084,6846.040632100838,-6372.3000185427945,-6236.002107081914,-6464.4902202682615
-6576.435497049203,-6969.092126287127,6466.717353458561,-6445.6319751494475,6833.3640114814925,-6374.411685196019,-6197.188198234574,-6440.873830443302
-6577.130164746217,-6985.523543227123,6486.920775782786,-6435.279966001108,6818.694282543625,-6372.166604134371,-6218.24154298457,-6441.780867282995
-6571.970255925135,-6971.864774090136,6510.9004118038265,-6406.942501283107,6816.227691737934,-6391.513169089027,-6212.280305320106,-6434.235368737798
-6564.27842919395,-6953.8291696324695,6495.912080571575,-6388.156211994971,6832.697463727873,-6363.926866997948,-6220.963840152315,-6421.478638014891
-6579.960550787599,-6959.6793405382605,6488.330500911281,-6404.60892798924,6823.525607832309,-6401.940573194016,-6221.40976227183,-6436.535936556877
-6573.709239906057,-6944.962295888747,6479.7990145233225,-6409.716156487174,6811.8191880060385,-6375.841379293396,-6202.801410690683,-6442.212075716667
-6569.325360747754,-6952.481611884618,6503.674816662305,-6397.256104675182,6809.702008636912,-6366.1577196192075,-6237.561629484551,-6449.451095404845
-6557.784218384433,-6951.066895239174,6483.050435151219,-6407.657472295202,6813.352132340653,-6386.4313139959695,-6215.750522798342,-6443.687165323659
-6583.735997970041,-6992.339720382284,6492.566390482548,-6409.8508056069195,6837.074954358955,-6375.263529807927,-6222.89533749291,-6466.816963105012
-6574.584352151825,-6965.8150846379185,6501.306895498324,-6435.942802594775,6857.190523277686,-6381.917402241468,-6211.7650927901295,-6453.988115453574
-6588.862999178437,-6984.336194092032,6502.887561385473,-6430.327159220224,6848.378612931208,-6393.447593190421,-6227.59781557698,-6459.149936613481
-6580.020025286975,-6967.623823410731,6506.0970356273665,-6441.137590342656,6863.809717680173,-6392.003381402303,-6222.80135265537,-6440.000324386093
-6578.379347832989,-6969.933560035981,6487.912745403169,-6430.939235134935,6853.226281762954,-6390.03228318201,-6209.363521995592,-6440.431323394277
-6573.428896865265,-6947.048470816274,6516.595402223974,-6416.4448881251465,6835.896502681163,-6396.124416330098,-6214.778053140298,-6432.463776171129
-6560.270286122994,-6938.005515120836,6495.599558540533,-6389.077618931625,6819.769161305284,-6378.564011221107,-6212.734622199912,-6441.584070281547
-6575.427138171522,-6964.272002293323,6518.234112205746,-6417.790574653508,6841.559714597438,-6402.160409417104,-6218.81495724895,-6460.869519644541
-6590.6864715126085,-6983.808768462552,6480.494447966274,-6423.364233162418,6826.5883563579155,-6389.872883879048,-6185.490277311228,-6445.65622697942
-6566.086717432132,-6985.059248259937,6536.524848130698,-6417.224457370516,6857.380428642321,-6373.888524978983,-6237.725311554985,-6448.109706663731
-6569.042115028767,-6967.881453471862,6495.103885523935,-6397.47456282916,6832.1554429851,-6357.4843863515825,-6198.921543089586,-6437.365091032267
-6570.657312463564,-6971.142294299291,6534.528427197426,-6421.998489623656,6841.478247251855,-6358.853954608359,-6228.643654162766,-6446.427839755552
-6590.116775526994,-6975.873007738277,6548.185495661983,-6426.517264526562,6838.286684620137,-6374.0620250657585,-6249.938544554208,-6443.604500847067
-6567.64428672239,-6969.969587907107,6525.621563850866,-6430.8528475145085,6848.79172557552,-6356.103301817653,-6251.562189025846,-6451.621809949217
-6600.625303561869,-6994.394818243134,6521.441412820469,-6442.9057039477,6853.729862170435,-6369.938212657474,-6234.434740466509,-6461.801563513109
-6588.234076007426,-6976.28142807142,6508.980987027711,-6426.3154700326495,6844.832238573305,-6358.5839424105625,-6233.3636186809745,-6438.466641471128
-6581.647240537726,-6978.472542576332,6494.6373827697025,-6424.040492972237,6847.385394617324,-6346.972488620764,-6252.574034481009,-6453.716309749612
-6569.120820730464,-6966.689031425082,6485.174006407499,-6427.658313362851,6843.887773595625,-6353.724408070709,-6237.753283415003,-6454.116886285513
-6574.522402264322,-6982.784399276068,6506.669777639607,-6432.284170174362,6856.468884942549,-6375.396641214612,-6228.633932405494,-6458.699723500647
-6555.5607444004645,-6972.01623405735,6498.0184469045025,-6414.73901571443,6863.569584897337,-6344.291369735049,-6227.67146994166,-6454.735942043914
-6566.4321828838765,-6974.975746060691,6492.25766460465,-6428.04818874505,6856.029263042424,-6357.920989972949,-6233.172975825931,-6449.426262755033
-6576.938911968012,-6990.602964489817,6506.424779182143,-6422.732450683525,6859.0431889151605,-6392.283546390254,-6242.429397500401,-6443.368824390621
-6577.543018446271,-6984.4407577368065,6505.539984250905,-6417.99287998291,6879.600104762458,-6392.8068919455645,-6226.056580178142,-6444.423274548312
-6603.773964241191,-7005.759763911538,6524.930028225107,-6427.671075304132,6900.574337525105,-6421.779178373689,-6236.528093097222,-6452.798458831984
-6589.050369920119,-6994.691238979168,6518.253159950773,-6432.5749160451605,6905.307700384482,-6410.512110484527,-6233.625225672888,-6452.595537979165
-6604.840152215393,-6997.367861974357,6530.5462529417255,-6452.242370135825,6896.713841079606,-6424.240819046075,-6254.486418661648,-6456.954899048918
-6605.797271596291,-6982.495410435601,6547.967200077966,-6428.792268144415,6905.517352177303,-6420.767605113257,-6247.12965761608,-6464.106441470057
-6624.768695657038,-7000.633662673929,6557.353912831586,-6467.278011286189,6898.832115940654,-6403.301003259359,-6248.602644186216,-6474.280453381471
-6620.122718886042,-6998.365327597135,6534.023704736097,-6438.053046397489,6891.489348255,-6386.427172621929,-6227.149038308574,-6458.14005356887
-6606.102791764118,-6988.8958430450975,6539.543417879114,-6436.401082345789,6868.606741316888,-6407.083604114353,-6250.366862357626,-6445.852700905309
-6590.452216665732,-6973.045214738038,6517.082806766495,-6436.05733530374,6864.553743497469,-6383.514693887385,-6210.255467448454,-6438.563902460951
-6599.6599849361955,-6986.241045794529,6527.386707375324,-6438.720055059845,6836.143206057848,-6373.119598997341,-6230.265623973795,-6442.27508174661
-6592.773802898472,-6968.105553796432,6526.28223018002,-6442.848909756157,6845.703984549182,-6381.296263149481,-6229.784255215404,-6438.101980757951
-6593.279185772796,-6975.049804137431,6516.766115167288,-6440.653156891454,6858.753540517058,-6369.274786165473,-6241.643365557265,-6441.531405761477
-6578.748689320839,-6959.4452883682125,6509.989643585615,-6422.516209187473,6835.806073560113,-6348.9241912959415,-6217.849290332241,-6439.381044544081
-6583.910753471604,-6985.456506495689,6509.844411896093,-6429.804982184739,6863.157941200768,-6378.081188001743,-6237.282715283471,-6431.721351062359
-6568.301489240679,-6958.770616339633,6495.2555219204105,-6419.214680811989,6838.327395353999,-6349.915738046909,-6207.049412667296,-6426.356725207565
-6570.384304314177,-6957.48919122511,6505.428687784895,-6430.00568511693,6842.03109394732,-6378.808180519604,-6225.9862792142485,-6437.130406235503
-6577.41039926223,-6972.056396547651,6515.34797359099,-6441.892520337443,6845.418381936136,-6381.876496623698,-6227.559545110978,-6450.142070202491
-6578.3191459923655,-6974.289526584386,6512.645183789167,-6441.655612236747,6868.863298599146,-6348.769799703135,-6239.213517825728,-6462.216997058133
-6590.723560374246,-6985.5465607341,6528.261980185007,-6445.810373956632,6869.226920598655,-6401.00151367741,-6233.153964632328,-6461.98461546835
-6576.346433354517,-6978.657517347746,6525.182888148446,-6452.883649542141,6860.973969986299,-6380.060252703831,-6241.569376281452,-6471.081283651902
-6597.436233516224,-6995.893252177043,6521.313259454646,-6460.138267540408,6864.284642173561,-6403.846269037224,-6234.650359845044,-6471.09401940946
-6589.083109409453,-6987.234607981806,6508.909748130009,-6455.747991805717,6842.307091527816,-6384.71199301112,-6229.439529957315,-6447.377018878362
-6594.480453568387,-6994.9734013312345,6518.401910874747,-6474.4169542016425,6842.266258425606,-6397.385149774736,-6223.962541329147,-6459.708838691351
-6588.547793421497,-6977.727261901427,6482.145565283447,-6458.49667386667,6855.148706369537,-6402.06407417333,-6206.738317552001,-6451.913502154498
-6593.001068306183,-6981.927066305313,6519.815992166671,-6459.0318696416925,6857.9972207355695,-6360.997944843132,-6259.846063484488,-6461.520442625161
-6594.956976695086,-6965.505568468436,6503.815876384523,-6436.645130483531,6864.997220590112,-6368.60916692424,-6244.293717896806,-6427.192660130839
-6580.762889143257,-6975.560144916856,6515.898445702904,-6444.022521135158,6854.626988241141,-6371.328891313015,-6234.868990007996,-6441.988355803769
-6582.126325290377,-6984.94531294152,6480.044432805864,-6434.12507999399,6855.424392566754,-6357.996843401098,-6239.982709180109,-6437.373018832904
-6562.783036262051,-6964.47272542836,6484.323637734086,-6414.833026918768,6847.3048138820695,-6353.991323741651,-6243.944710058203,-6451.993101654649
-6562.791694769991,-6985.878776584208,6513.489744661321,-6436.859604753162,6855.736012365649,-6371.743124922558,-6251.224252706347,-6458.185444824367
-6580.470640920247,-6980.717728099949,6492.831897457235,-6431.728890238296,6875.105331105569,-6363.378763667875,-6259.376054002617,-6455.1753805572935
-6573.5441993469585,-6992.22319163737,6492.115824677858,-6421.879346013231,6896.048739453532,-6364.954778913658,-6230.994900866191,-6465.280499928197
-6577.919843377125,-6996.219261343317,6512.7224278521635,-6435.879131896737,6873.680434725287,-6378.316771338565,-6238.374803234256,-6474.277914844914
-6569.540983438068,-6963.495613746388,6492.385311849022,-6418.411100638835,6875.69784009904,-6368.422607788845,-6212.475934278875,-6459.59056130769
-6586.409573265651,-6990.76160875504,6514.18566623005,-6449.237392206099,6876.46641575009,-6380.882617479546,-6246.03689225543,-6469.928171126019
-6591.18084378718,-6996.162538969718,6531.977318507014,-6439.759117199815,6887.634117368823,-6386.066887398325,-6251.590950575359,-6451.46931432806
-6583.584830036568,-6991.932607896841,6515.058291697882,-6424.3309656005495,6874.227899406356,-6382.628014474606,-6249.370169701365,-6433.523241795904
-6605.577447030022,-6997.526820488018,6526.575526557996,-6433.165723129639,6891.584268436753,-6382.660272306304,-6258.769766671997,-6455.995634715971
-6595.673033562097,-6985.959489078133,6519.3935380752,-6423.904343550916,6919.699574748543,-6411.053418104504,-6242.042966862125,-6440.34623602174
-6611.749781694197,-7008.557636026809,6567.122644645203,-6433.605681995409,6894.57718512834,-6414.229079827719,-6277.559194734264,-6465.541631940899
-6614.614642866369,-6994.0237316591165,6547.9477493165,-6458.055137550318,6887.370137171944,-6412.036189079907,-6257.695554539678,-6449.856882713718
-6622.483443537556,-7008.170834838995,6525.011068121215,-6453.75965514673,6893.475119643216,-6401.338878271728,-6263.428444588954,-6455.42150893481
-6619.912541308748,-6998.47570650074,6527.188909398904,-6452.460676421443,6857.064149248698,-6397.057891368504,-6254.3855292264725,-6444.6129648513415
-6595.859834885061,-6985.823826228704,6515.408712726659,-6446.784858626054,6852.738798583414,-6367.684274200297,-6236.669267869286,-6426.580555770627
-6593.96561443673,-6982.299470281228,6511.268465092399,-6452.199534130328,6858.825822024124,-6373.489267300962,-6259.801001190983,-6437.758213259767
-6580.823940941718,-6970.304120576345,6508.976765854321,-6448.453037926043,6843.407923685218,-6373.491042841005,-6255.259259632818,-6418.190321852555
-6580.935901743914,-6967.0577869611125,6497.1204424423295,-6418.757649387628,6851.1040401407345,-6360.711690131034,-6249.597277613329,-6406.643092325056
-6593.578496494481,-6988.005785614267,6527.132535315644,-6421.679355141057,6866.979736056498,-6408.18044794105,-6272.962281082697,-6419.423980442647
-6590.775499462626,-6980.167578923896,6512.062647828904,-6429.482688155308,6861.370572562318,-6384.113340235896,-6229.428011538456,-6419.312915187334
-6595.769655789139,-6989.608324865549,6515.208032933894,-6442.5569978678295,6868.032967095728,-6386.012092372356,-6239.579404508094,-6435.651523597717
-6591.9071290784,-6978.993278508979,6520.7541502338245,-6442.148429163414,6836.986691736417,-6387.338526697669,-6234.623487677925,-6435.747985960183
-6587.542667952306,-6978.98050530151,6519.115812922092,-6424.407553147415,6849.9007284519375,-6370.578819251465,-6234.417839265214,-6444.648789104606
-6599.041237578883,-7000.160053854531,6507.530556777918,-6438.0713602673895,6865.219125176574,-6399.273321464902,-6241.902336046239,-6465.400841394175
-6592.373666257387,-6978.612070470478,6501.27871050524,-6420.58075229412,6874.451248742272,-6409.922857363396,-6219.943960735417,-6462.6262907086975
-6603.335906826538,-6988.700908257479,6522.9783397090105,-6425.227691541815,6868.631836081752,-6405.091763360182,-6247.01413910583,-6471.4050593257325
-6600.03506329351,-6976.8650284917085,6527.420314070805,-6436.746355436777,6860.178800166765,-6371.039367990015,-6240.711875540029,-6471.914457371939
-6599.787064340469,-6978.428383606757,6515.240969625606,-6433.078034870691,6860.076278125679,-6388.081724999467,-6242.656346581642,-6450.079449377566
-6607.384692896624,-6994.305482310362,6534.8487103425,-6450.986829517655,6872.329308211135,-6417.9101264150895,-6253.407688137102,-6446.334752685844
-6602.950234710433,-6986.2071545487515,6533.551475241295,-6458.325811155839,6874.077955222354,-6410.964555674672,-6233.245509885695,-6443.26853279568
-6612.357772114915,-6994.247479790291,6558.077059617452,-6447.73507946263,6885.021895247067,-6415.335338942655,-6281.415240424962,-6442.318813424353
-6616.495831351451,-6997.049344161052,6557.606791246331,-6455.273863281797,6903.634404456512,-6422.639992627164,-6267.031029171449,-6447.530479202345
-6638.140266166367,-7020.686696681,6560.992909689665,-6443.287708310638,6899.500633539044,-6432.572251453321,-6271.313625632633,-6448.593138124168
-6637.598375520536,-7017.906283967984,6565.743681641891,-6443.0554848646325,6899.711430038788,-6410.9425122599605,-6264.249396734971,-6449.785692759906
-6632.7579054131875,-7001.136434802207,6507.313230086481,-6457.514090006756,6894.630718403296,-6421.460435147619,-6243.986162960983,-6440.27323912872
-6616.133689558639,-6990.5291380840845,6536.013871820653,-6454.673730572784,6859.044083510002,-6404.7065356961175,-6262.850088456148,-6442.049448423578
-6588.3930383438565,-6985.6084808040805,6497.701241495803,-6419.517944361794,6844.420997878905,-6370.489567534178,-6235.116137253318,-6437.63932387033
-6579.877963139363,-6999.872087818578,6502.806845113902,-6412.743064802681,6862.9123044718235,-6372.138034397806,-6247.431295772892,-6467.170268217785
-6564.861783080501,-6978.539705530166,6473.920552390341,-6433.176499343364,6873.890879009911,-6373.726520769903,-6214.444757186239,-6447.183269169239
-6599.456051988618,-7006.904938631024,6510.04777782371,-6436.290678405125,6882.285636288929,-6384.617266463499,-6247.3479982433355,-6459.3880721778
-6603.012108754223,-7003.6353516489135,6495.550348134355,-6431.48637983709,6865.167826520926,-6402.056487537359,-6246.598247403187,-6451.127780609463
-6596.933925676913,-6997.8875217250625,6501.110694016027,-6443.1391064715235,6884.754766690058,-6369.48914084383,-6239.143468459585,-6450.942270817508
-6611.07417464474,-6996.127819423934,6515.292164777461,-6454.565143156458,6866.014147060522,-6409.521383013158,-6240.592184816815,-6441.838883325259
-6592.794759058109,-6973.846738869618,6530.360287840395,-6451.711307072846,6848.007983358709,-6390.970744923424,-6236.605326531409,-6451.0317573658585
-6608.62326933604,-7003.24864345188,6550.465420507693,-6471.284701872656,6868.558805774446,-6413.689037870096,-6245.098865222202,-6452.951044087261
-6602.597805505146,-6988.732967824264,6542.948836394356,-6441.724684364265,6872.821756609845,-6398.836035143049,-6232.378173168057,-6439.615546044224
-6620.645714160297,-7001.710247741243,6544.037419321075,-6455.1785737286,6871.065351219228,-6403.916858385221,-6249.217022003069,-6453.750758734425
-6609.234928594802,-6994.1557680664155,6540.875085579886,-6425.746738055883,6845.5663012197365,-6410.7665179915775,-6243.90196154903,-6439.837067971379
-6605.112051475533,-6989.3309039530095,6524.922537959597,-6423.131361474091,6863.83051681339,-6386.9818979078145,-6230.66052536477,-6428.999339983648
-6605.156795049569,-6976.037065577477,6553.637600980422,-6427.048145779463,6845.19635015336,-6410.078964025209,-6250.003453799298,-6430.132200480666
-6600.552972033671,-6969.134673661942,6552.974447457717,-6433.185344943997,6841.8368574918695,-6399.109269059733,-6240.857457527402,-6425.206409335075
-6599.399324572828,-6975.082265869953,6530.096006822258,-6432.280860418627,6854.403165127498,-6396.852733132544,-6246.378895913427,-6432.139339109185
-6612.5459118745675,-6989.437512269777,6535.643147103544,-6441.746197081462,6869.899836849601,-6416.3200927426515,-6242.718126056518,-6438.135885623057
-6606.405029833103,-6991.058470664662,6533.7823188240745,-6426.389251826082,6856.2749490815295,-6395.033640698218,-6254.614593486513,-6430.020635111697
-6617.718571839818,-7001.027953370433,6548.250069682744,-6443.202173192922,6870.079265336077,-6426.450902105763,-6265.035304208103,-6451.650912985818
-6622.17945360113,-7003.274578314761,6514.975541285632,-6440.815695737167,6890.387875027861,-6425.482543141,-6252.12384602936,-6440.670481239379
-6634.052534160155,-7006.601047994098,6541.512102513417,-6463.090827568652,6879.646552208295,-6415.611774969348,-6268.965669747594,-6457.758412538009
-6624.664076274727,-7010.272106941536,6546.166036996319,-6457.860577568198,6887.425564508987,-6415.629899013558,-6230.012473898011,-6449.383896185853
-6638.567333296441,-7010.707392119262,6541.4160059632395,-6466.531327197691,6886.648180020345,-6411.590693500657,-6274.265612318869,-6456.930509779736
-6609.816057332591,-6993.167057235637,6529.428855666164,-6441.7345034269465,6876.294159886588,-6401.187987179778,-6242.221658903135,-6454.074083935856
-6612.4920796243,-7006.079794522067,6519.858019948083,-6460.505753095108,6870.129938935689,-6402.759811388394,-6251.044170033634,-6450.387554722373
-6605.502832019856,-6977.64244739555,6519.091625741616,-6455.664568013603,6851.61671827589,-6398.1148264923795,-6250.790559711605,-6429.000838807577
-6588.067610426114,-6977.381769936315,6474.797487885693,-6430.81822655498,6859.081830884577,-6382.03233381039,-6226.508153106442,-6432.268731177819
-6580.588987158766,-6993.745446759401,6489.598431029361,-6435.461990263034,6867.216957573038,-6410.342895487617,-6226.970516155947,-6455.113703893256
-6587.4918507756165,-6990.022965934791,6498.3490564012845,-6438.51534410889,6876.735275656614,-6410.217014508474,-6204.025966765864,-6451.5475071434885
-6603.676596643826,-7005.218531921214,6522.211208990503,-6444.330591689427,6885.936549210123,-6424.514860183543,-6258.40066337576,-6447.634139936664
-6596.364099854135,-6990.759978080192,6506.909855923944,-6423.438894064866,6845.594718438251,-6385.650613531249,-6230.9552379286715,-6420.695422280973
-6588.486159286869,-6991.494140164397,6499.199969235969,-6412.763265509253,6824.301377550458,-6391.961860026441,-6244.412671898053,-6433.720175948673
-6611.676262896195,-7000.435586818854,6519.744903055426,-6444.114638283561,6868.28578043515,-6406.099940295913,-6241.651072706279,-6450.981618428505
-6600.882195979766,-6998.495186355642,6517.729462602293,-6417.056142935249,6859.368969222067,-6425.578147420254,-6249.1565771991445,-6431.222772661338
-6622.796829316615,-7009.047349970249,6540.000200842049,-6442.463164208001,6858.607905936967,-6418.230043769194,-6246.365491427046,-6450.875776395863
-6626.318009492411,-7013.882672078703,6511.855148893199,-6444.348446472272,6863.693483898747,-6419.722063950943,-6232.443136186719,-6450.31428407235
-6631.374326060797,-7029.505313440452,6533.246054252478,-6452.641801497369,6871.184443222757,-6433.816713491997,-6259.700656251878,-6445.560090055266
-6613.848939731064,-7013.977381614467,6497.242732384798,-6447.351683918924,6896.2787360819875,-6429.884637480811,-6225.708433840308,-6438.214324523222
-6624.785710724581,-7019.592312814822,6516.079676572569,-6445.4264738464335,6883.432159277061,-6454.8084977970975,-6257.990737302707,-6445.526138914034
-6609.959295023464,-6984.045021081659,6508.42651728087,-6434.259386311484,6869.610620981776,-6385.6861596962835,-6236.235137666479,-6444.511388745162
-6608.711643365997,-7007.437345596194,6511.873864606394,-6444.101967791258,6887.710138954006,-6399.346287083977,-6255.639345389968,-6455.202116308165
-6604.248103654895,-7006.965663236552,6509.991326681981,-6443.478776100488,6869.031296346812,-6392.85661501924,-6250.725880069894,-6451.903885806042
-6600.44907585637,-7004.938034837718,6493.529436336987,-6440.396721159622,6878.697374093083,-6415.2646955670725,-6242.4865428315325,-6441.380516321177
-6609.780144055634,-7011.772607252258,6516.298551354258,-6455.720020974694,6863.898234527041,-6421.642184582438,-6254.169152473305,-6458.364799273467
-6604.646263171353,-6985.600800925226,6500.692887068428,-6448.47373584444,6867.588221136512,-6397.573869264497,-6236.1355218127555,-6432.476662754615
-6622.992110132365,-6999.930989819905,6519.736831123304,-6456.906736815605,6842.905462478791,-6430.660444175966,-6254.299787005654,-6442.37775609958
-6613.702402894118,-6992.40290315901,6507.4922630892315,-6426.849256820834,6866.471164314052,-6417.450033593329,-6229.871309591808,-6447.009005690568
-6623.876678243084,-7000.392232078373,6525.438509436523,-6438.439710422351,6866.800199647971,-6419.579410768321,-6249.085940780061,-6469.255075157252
-6605.424617448277,-6974.693783829144,6481.684224874301,-6444.680411347682,6875.790671444936,-6414.7867276825,-6219.310528288155,-6446.681433915794
-6623.995420821801,-7008.109344681319,6516.613091306852,-6448.234216368678,6884.290672370396,-6425.696143784949,-6248.2448000974255,-6438.366140610732
-6617.891699876488,-6997.702007210503,6537.2114808428105,-6439.150589553153,6870.275202888108,-6430.163542811824,-6247.436182715963,-6423.802304856309
-6624.005143172612,-6993.945088158292,6514.166928510779,-6457.198647946763,6870.991501341091,-6431.004812187999,-6234.278080227056,-6424.680030668844
-6626.059836670712,-7014.200431304669,6512.610332970998,-6435.509940101933,6844.75925925924,-6425.021740908364,-6243.580881098442,-6434.954919747168
-6609.882937509818,-7001.281879134325,6507.9331643459645,-6443.521861823275,6841.498545135099,-6403.850052897231,-6236.514595954718,-6430.395446592221
-6614.533822943134,-6996.665891968822,6528.831068887458,-6444.557211319208,6845.331471255692,-6431.6922306398765,-6232.898570261947,-6438.833629003312
-6616.762526065232,-6983.322190923692,6497.11770296551,-6445.230322479527,6855.438463999785,-6422.301788885848,-6235.185585201999,-6437.539038598085
-6609.597294274285,-6991.464812211633,6496.48888729575,-6442.792852192954,6858.0976387778,-6426.82208038009,-6242.52234578347,-6446.785104996944
-6604.94900560839,-6986.950621020024,6486.010258617813,-6427.5086093013915,6864.646432829101,-6393.280634706771,-6205.549745888298,-6449.673747745349
-6604.730019574798,-6978.6445923817555,6515.896861884289,-6412.753290090702,6851.340017555091,-6415.1055132578485,-6242.926877251882,-6434.670405322908
-6606.635989905826,-6973.94493574675,6518.8300103651345,-6415.920133907379,6860.116778342347,-6416.04616742283,-6228.979581978957,-6441.443186846406
-6621.412068751337,-7007.762499778318,6514.069841919058,-6423.539825792478,6872.092451017832,-6437.423167213745,-6246.914159229894,-6456.363810468391
-6626.50878988643,-7020.236516969771,6532.007787424008,-6421.086051549717,6872.473726561815,-6403.162848095433,-6243.612815158265,-6446.8358702684245
-6610.419999551915,-7009.064087512448,6515.348755744178,-6417.619793717361,6870.257609170311,-6410.569119021607,-6231.206265943848,-6443.622030310969
-6630.575730917466,-7030.593224231908,6530.615681247269,-6422.285683457231,6860.7038633499415,-6416.94679584577,-6253.754261488326,-6450.0575915112695
-6605.079908424554,-7004.851243620184,6516.27976465705,-6409.468808579584,6874.847866643721,-6415.093511308798,-6230.9442513880185,-6442.648682738061
-6611.288834103699,-7002.747583201997,6526.522810583707,-6404.370369558395,6869.13644349444,-6396.719862623785,-6252.04903155792,-6435.25311394842
-6613.8667597070435,-7009.35854063143,6528.640909565757,-6426.818960914574,6876.570707690252,-6405.756165007915,-6248.9252508712,-6444.869015594703
-6607.222508391059,-7000.228082002874,6532.799046814683,-6399.882736355269,6890.727962545824,-6418.295394539379,-6248.4528852690855,-6439.3988111707
